"統一編號","公司名稱","公司地址","資本總額","實收資本額","在境內營運資金","核准設立日期","營業地址（財政資訊中心匯入）","行業代號（財政資訊中心匯入）","財政資訊中心匯入日期","股票代號（金融監督管理委員會匯入）","產業別（金融監督管理委員會匯入）","金融監督管理委員會匯入日期","商標資料（智慧財產局匯入）","智慧財產局匯入日期"
"00012993","鉅寶國際有限公司","臺北市松山區南京東路5段188號6樓之5","1000000"," "," ","1140110","臺北市松山區南京東路５段１８８號６樓之５","464111,649911,452000,","26-MAR-26","","","","",""
"00039803","展詣工程有限公司","臺北市士林區永平街80巷22號1樓","3000000"," "," ","1130912","臺北市士林區永平街８０巷２２號１樓","461111,469199,,","26-MAR-26","","","","",""
"00047515","立評營造有限公司","臺北市萬華區昆明街111號14樓之8","3600000"," "," ","1131206","臺北市萬華區西門里昆明街１１１號１４樓之８","439099,,,","26-MAR-26","","","","",""
"00053163","翊聖建設開發有限公司","臺北市萬華區西園路2段261巷20弄32號1樓","10000000"," "," ","1131224","臺北市萬華區錦德里西園路二段２６１巷２０弄３２號１樓","740100,,,","26-MAR-26","","","","",""
"00105578","巍豐有限公司","臺北市大安區光復南路102號4樓","1000000"," "," ","1131213","臺北市大安區華聲里光復南路１０２號４樓","381113,,,","26-MAR-26","","","","",""
"00119411","榮茂土地開發股份有限公司","臺北市中山區南京東路2段178號5樓","1000000","1000000"," ","1131021","臺北市中山區朱園里伊通街６５號２樓","469112,234012,669999,","26-MAR-26","","","","",""
"00156864","益達工程股份有限公司","臺北市松山區敦化北路207號10樓之1","50000","50000"," ","1131127","臺北市松山區敦化北路２０７號１０樓之１","439099,,,","26-MAR-26","","","","",""
"00187070","子發科技工程有限公司","臺北市大安區信義路4段26號5樓之1","1500000"," "," ","1140108","臺北市大安區住安里信義路４段２６號５樓之１","429099,,,","26-MAR-26","","","","",""
"00193988","寬家開發建築股份有限公司","臺北市大安區忠孝東路4段148號10樓之10","3600000","3600000"," ","1130829","臺北市大安區建倫里忠孝東路４段１４８號１０樓之１０","410013,410099,421000,429099","26-MAR-26","","","","",""
"00199147","和旺友比股份有限公司","臺北市內湖區行善路398號1樓","30000000","30000000"," ","1140217","臺北市內湖區湖元里行善路３９８號１樓","434013,461999,456213,456118","26-MAR-26","","","","",""
"00209617","權陽有限公司","臺北市大安區光復南路102號4樓","1000000"," "," ","1131213","臺北市大安區華聲里光復南路１０２號４樓","381113,,,","26-MAR-26","","","","",""
"00249890","宙元綠能股份有限公司","臺北市松山區民生東路4段54號8樓之8","10000000","10000000"," ","1140110","臺北市松山區民生東路４段５４號８樓之８","351000,,,","26-MAR-26","","","","",""
"00422000","臺陽股份有限公司","臺北市大安區新生南路3段4號3樓","90000000","90000000"," ","0390316","臺北市大安區龍坡里新生南路３段４號３樓","681112,,,","26-MAR-26","","","","","2024-11-27"
"02279803","明園實業股份有限公司","臺北市士林區德行西路40號1樓","500000000","88000000"," ","0740809","臺北市士林區德行里德行西路４０號１樓","461214,681112,,","26-MAR-26","","","","",""
"04217826","華聯水泥股份有限公司","臺北市士林區中山北路7段114巷33弄2之1號1樓","100000000","51000000"," ","0630208","臺北市士林區中山北路７段１１４巷３３弄２－１號１樓","461211,060014,060011,060099","26-MAR-26","","","","",""
"04228083","福誼企業股份有限公司","臺北市萬華區寶興街80巷49號1樓","1100000000","187500000"," ","0630703","臺北市萬華區錦德里寶興街８０巷４９號１樓","199099,382111,462099,","26-MAR-26","","","","",""
"04254342","欣蘭企業股份有限公司","臺北市南港區經貿二路135號9樓","268620000","80586000"," ","0641002","臺北市南港區經貿二路１３５號９樓","461999,464211,591199,451099","26-MAR-26","","","","",""
"04361125","復興煤礦股份有限公司","臺北市中山區松江路82號3樓","60000000","60000000"," ","0620807","臺北市中山區松江路８２號３樓","060099,681111,681112,","26-MAR-26","","","","",""
"04439910","錦源水泥製品股份有限公司","臺北市中山區建國北路1段69號9樓","156000000","156000000"," ","0631125","臺北市中山區建國北路１段６９號９樓","233300,241211,239999,","26-MAR-26","","","","",""
"04890096","大增建設股份有限公司","臺北市文山區羅斯福路6段204號1樓","25000000","25000000"," ","0690611","臺北市文山區羅斯福路６段２０４號","060099,434011,461513,681112","26-MAR-26","","","","",""
"04976087","鼎宸營造有限公司","臺北市中山區中山北路2段59巷45號5樓之5","50000000"," "," ","0641009","臺北市中山區中山里中山北路２段５９巷４５號５樓之５","422015,439099,461513,431015","26-MAR-26","","","","",""
"05002175","鑫辰國際企業管理顧問有限公司","臺北市中正區羅斯福路1段127號10樓","10000000"," "," ","0680403","臺北市中正區新營里羅斯福路１段１２７號１０樓","702099,456611,681211,060099","26-MAR-26","","","","",""
"07611028","大勝磚廠股份有限公司","臺北市北投區復興四路108號4樓","10000000","10000000"," ","0660122","臺北市北投區復興四路１０８號４樓","232211,382112,461999,","26-MAR-26","","","","",""
"07642063","陸昌化工股份有限公司","臺北市內湖區基湖路35巷2弄9號1樓","456000000","456000000"," ","0680904","臺北市內湖區西湖里基湖路３５巷２弄９號１樓","462099,181099,239999,","26-MAR-26","","","","PCC,CS AZO,陸昌,","2024-11-27"
"07838926","安正營造股份有限公司","臺北市大安區仁愛路3段127號11樓","29290000","29290000"," ","0740813","臺北市大安區義村里仁愛路３段１２７號１１樓","439099,,,","26-MAR-26","","","","",""
"12202966","德實慶企業有限公司","臺北市松山區南京東路4段180號4樓之5","5000000"," "," ","0671127","臺北市松山區復勢里南京東路４段１８０號４樓之５","452000,,,","26-MAR-26","","","","",""
"12285656","昭原交通有限公司","臺北市松山區八德路3段75號7樓","16000000"," "," ","0690528","臺北市松山區美仁里八德路３段７５號７樓","494099,381111,382112,","26-MAR-26","","","","",""
"12482376","長揚精密製造股份有限公司","臺北市大安區信義路4段63號7樓","30000000","30000000"," ","0730306","臺北市大安區信義路４段６３號７樓","464999,292999,,","26-MAR-26","","","","",""
"12526769","興固企業股份有限公司","臺北市大安區瑞安街208巷70弄1號","29000000","29000000"," ","0731027","臺北市大安區新龍里瑞安街２０８巷７０弄１號","429099,,,","26-MAR-26","","","","",""
"12659704","地景實業股份有限公司","臺北市中正區忠孝西路1段41號8樓之13","78000000","78000000"," ","0891027","臺北市中正區忠孝西路１段４１號８樓之１３","469999,,,","26-MAR-26","","","","",""
"12671382","新來工程有限公司","臺北市中正區泉州街57號","10000000"," "," ","0891207","臺北市中正區泉州街５７號","431015,,,","26-MAR-26","","","","",""
"12672143","海藻有限公司","臺北市大同區市民大道1段203號8樓之5","5000000"," "," ","0891211","臺北市大同區建明里市民大道１段２０３號８樓之５","464999,457299,464211,433211","26-MAR-26","","","","",""
"12698707","伯洋營造有限公司","臺北市內湖區瑞光路194號","3000000"," "," ","0900329","臺北市內湖區港墘里瑞光路１９４號","431020,422017,429099,","26-MAR-26","","","","",""
"12702619","世鼎工程設計有限公司","臺北市中正區忠孝東路1段152號12樓之5","20000000"," "," ","0891114","臺北市中正區幸福里忠孝東路１段１５２號１２樓之５","434011,711112,631299,","26-MAR-26","","","","SANDY ENGINEERING SERVICE,","2024-11-27"
"12755447","經基興業有限公司","臺北市文山區和興路52巷9號2樓","60000000"," "," ","0900227","臺北市文山區試院里和興路５２巷９號２樓","681112,,,","26-MAR-26","","","","",""
"12968167","華喜建設開發股份有限公司","臺北市中正區館前路20號5樓","23000000","14000000"," ","0901213","臺北市中正區黎明里館前路２０號５樓","431021,431019,410099,439099","26-MAR-26","","","","",""
"13063816","衡禾室內裝修設計有限公司","臺北市中山區吉林路200巷10號1樓","6000000"," "," ","0910410","臺北市中山區中庄里吉林路２００巷１０號１樓","434015,410099,461999,","26-MAR-26","","","","",""
"13081096","堡發實業股份有限公司","臺北市大同區華陰街99號2樓","12300000","12300000"," ","0910124","臺北市大同區建明里華陰街９９號２樓","781099,812913,381111,013012","26-MAR-26","","","","",""
"13094629","般若工程股份有限公司","臺北市士林區延平北路5段56號","99000000","99000000"," ","0910318","臺北市士林區福順里延平北路５段５６號","431015,431099,,","26-MAR-26","","","","",""
"13130809","歐迪事業股份有限公司","臺北市中正區忠孝東路2段88號16樓","60000000","60000000"," ","0910621","臺北市中正區幸福里忠孝東路２段８８號１６樓","465311,465314,451099,","26-MAR-26","","","","",""
"13138062","宜鑫營造有限公司","臺北市北投區光明路240之9號2樓","10000000"," "," ","0910712","臺北市北投區溫泉里光明路２４０－９號２樓","410013,410011,,","26-MAR-26","","","","",""
"13152036","協明國際開發顧問有限公司","臺北市大安區忠孝東路4段166號12樓","5000000"," "," ","0900712","臺北市大安區建倫里忠孝東路４段１６６號１２樓","681111,681112,,","26-MAR-26","","","","",""
"14042945","力祥國際工程股份有限公司","臺北市中山區建國北路2段258巷3號7樓","29000000","29000000"," ","0640527","臺北市中山區松江里建國北路２段２５８巷３號７樓","292500,439099,681112,740999","26-MAR-26","","","","",""
"16027151","環球富聯股份有限公司","臺北市信義區信義路5段7號37樓","122500000","122500000"," ","0860606","臺北市信義區西村里信義路五段７號３７樓","464111,771312,610112,","26-MAR-26","","","","",""
"16080704","佳郁營造股份有限公司","臺北市信義區忠孝東路5段476號8樓","10000000","10000000"," ","0860424","臺北市信義區廣居里忠孝東路五段４７６號８樓","410099,429011,060099,461999","26-MAR-26","","","","",""
"16161488","忠全工程有限公司","臺北市北投區中正街85號","5000000"," "," ","0860927","臺北市北投區中央里中正街８５號","382112,381111,381114,461999","26-MAR-26","","","","",""
"16283567","宏宗開發工程有限公司","臺北市萬華區西藏路301號5樓","5000000"," "," ","0861127","臺北市萬華區和德里西藏路３０１號５樓","390099,381111,,","26-MAR-26","","","","",""
"16315076","家豪工程技術有限公司","臺北市內湖區港華街85巷19號1樓","3000000"," "," ","0870318","臺北市內湖區港華里港華街８５巷１９號","711211,432000,,","26-MAR-26","","","","",""
"16315462","永傳能源股份有限公司","臺北市大安區信義路4段6號7樓","250000000","200000000"," ","0870319","臺北市大安區住安里信義路４段６號７樓","702099,,,","26-MAR-26","","","","","2024-11-27"
"16597011","統貫礦業開發股份有限公司","臺北市中正區仁愛路1段59號4樓之1","10000000","10000000"," ","0870616","臺北市中正區仁愛路１段５９號４樓之１","060099,060099,,","26-MAR-26","","","","",""
"16627140","松信營造有限公司","臺北市信義區永吉路30巷118弄3號1樓","12000000"," "," ","0870917","臺北市信義區永吉路３０巷１１８弄３號１樓","429099,381111,381113,","26-MAR-26","","","","",""
"16793999","金洋科技股份有限公司","臺北市中正區濟南路2段31之47號","10000000","10000000"," ","0880319","臺北市中正區幸福里濟南路２段３１之４７號","451099,561115,456611,","26-MAR-26","","","","",""
"16794364","亞洲開發工程顧問有限公司","臺北市中正區鎮江街7號4樓之2","2000000"," "," ","0880322","臺北市中正區鎮江街７號４樓之２","702099,060099,711111,711211","26-MAR-26","","","","",""
"16809731","東石港景觀綠美化有限公司","臺北市大安區忠孝東路4段295號3樓","5000000"," "," ","0880726","臺北市大安區華聲里忠孝東路４段２９５號３樓","432000,434011,453211,456211","26-MAR-26","","","","",""
"16877316","佳好國際貿易有限公司","臺北市中山區中山北路3段29號10樓","5000000"," "," ","0880323","臺北市中山區晴光里中山北路３段２９號１０樓","234099,451099,,","26-MAR-26","","","","",""
"16901104","優良國際物流有限公司","臺北市北投區公舘路213號","25000000"," "," ","0880426","臺北市北投區奇岩里公館路２１３號","494011,,,","26-MAR-26","","","","",""
"20789048","永柏企業股份有限公司","臺北市大安區仁愛路4段122巷61號5樓之2","55000000","55000000"," ","0670615","臺北市大安區仁愛路４段１２２巷６１號５樓之２","233200,233300,,","26-MAR-26","","","","",""
"20810719","花農實業有限公司","臺北市中山區吉林路22巷25號7樓","5000000"," "," ","0680117","臺北市中山區興亞里吉林路２２巷２５號７樓","013012,454399,,","26-MAR-26","","","","",""
"22336893","立磊企業有限公司","臺北市信義區基隆路2段149之49號8樓之7","5000000"," "," ","0751122","臺北市信義區基隆路２段１４９－４９號８樓之７","461915,,,","26-MAR-26","","","","",""
"22398150","世宏石材股份有限公司","臺北市松山區南京東路3段303巷6弄10號3樓","210000000","210000000"," ","0760227","臺北市松山區中正里南京東路３段３０３巷６弄１０號３樓","234011,233300,,","26-MAR-26","","","","",""
"22743358","賀順興業有限公司","臺北市信義區忠孝東路5段236巷3弄5號1樓","10000000"," "," ","0770119","臺北市信義區廣居里忠孝東路五段２３６巷３弄５號１樓","458399,463911,463999,463199","26-MAR-26","","","","",""
"22891441","楚觀企業有限公司","臺北市中山區民權東路3段21號6樓之7","5000000"," "," ","0770530","臺北市中山區下埤里民權東路３段２１號６樓之７","462099,462099,475299,","26-MAR-26","","","","",""
"22954466","名將開發股份有限公司","臺北市中山區長安東路1段51之3號","10000000","10000000"," ","0770528","臺北市中山區正義里長安東路１段５１之３號","670012,060099,,","26-MAR-26","","","","",""
"22955520","谷峰化學工業股份有限公司","臺北市中山區南京東路2段8號8樓之1","66000000","66000000"," ","0770614","臺北市中山區興亞里南京東路２段８號８樓之１","464999,464312,451099,760999","26-MAR-26","","","","",""
"23021772","拓新有限公司","臺北市信義區基隆路2段189號16樓","2000000"," "," ","0770716","臺北市信義區黎順里基隆路二段１８９號１６樓","455299,464999,456111,432000","26-MAR-26","","","","",""
"23028607","美堅國際股份有限公司","臺北市中正區西藏路37號8樓","28080000","28080000"," ","0770801","臺北市中正區忠勤里西藏路３７號８樓","681112,669199,020011,","26-MAR-26","","","","",""
"23031315","三捷科技股份有限公司","臺北市中山區復興北路342號2樓","500000000","291132570"," ","0770805","臺北市中山區江山里復興北路３４２號２樓","269999,740200,272914,","26-MAR-26","","","","JTECH,","2024-11-27"
"23063189","中聯環境生技股份有限公司","臺北市北投區立德路120巷16弄5號4樓","25000000","25000000"," ","0770917","臺北市北投區一德里立德路１２０巷１６弄５號４樓","332900,456700,457299,712100","26-MAR-26","","","","私密樂,SMILE,舒克清,","2024-11-27"
"23064011","紀森實業股份有限公司","臺北市大安區臥龍街7號1樓","16000000","16000000"," ","0770920","臺北市大安區虎嘯里臥龍街７號","434011,469925,681112,","26-MAR-26","","","","",""
"23257354","冉石室內裝修工程有限公司","臺北市信義區基隆路1段159號17樓","15000000"," "," ","0780504","臺北市信義區興雅里基隆路１段１５９號１７樓","433112,433113,382112,434015","26-MAR-26","","","","",""
"23286273","吉歐工程顧問有限公司","臺北市中山區林森北路100號10樓之1","10000000"," "," ","0780323","臺北市中山區正得里林森北路１００號１０樓之１","711211,711212,439099,","26-MAR-26","","","","","2024-11-27"
"23326839","昭宏工程顧問股份有限公司","臺北市文山區興隆路2段154巷7號1樓","14000000","14000000"," ","0780626","臺北市文山區興隆路２段１５４巷７號１樓","711211,740100,711112,422012","26-MAR-26","","","","",""
"23391140","緯豐營造股份有限公司","臺北市信義區松德路12號3樓","130000000","130000000"," ","0780717","臺北市信義區廣居里松德路１２號３樓","410013,433199,381113,451099","26-MAR-26","","","","",""
"23420980","北榮工業股份有限公司","臺北市士林區通河街87號1樓","22000000","10000000"," ","0780630","臺北市士林區通河街８７號１樓","233300,382111,,","26-MAR-26","","","","",""
"23459513","盧氏國際股份有限公司","臺北市大安區敦化南路2段267號10樓","35000000","7000000"," ","0781005","臺北市大安區全安里敦化南路２段２６７號１０樓","463911,,,","26-MAR-26","","","","CD BIOTECH TIME CORE,生技時光芯,","2024-11-27"
"23473698","金山停車場股份有限公司","臺北市大安區金山南路2段33號地下1樓","190000000","190000000"," ","0781009","臺北市大安區永康里金山南路２段３３號地下１樓","524100,681112,,","26-MAR-26","","","","",""
"23584006","華升鋼鐵股份有限公司","臺北市松山區南京東路5段48號7樓","25000000","25000000"," ","0790228","臺北市松山區吉祥里南京東路５段４８號７樓","461999,464913,,","26-MAR-26","","","","",""
"23767271","致瑋科技有限公司","臺北市內湖區行善路417巷36號7樓","2000000"," "," ","0790712","臺北市內湖區石潭里行善路４１７巷３６號７樓","731011,,,","26-MAR-26","","","","",""
"23957119","運贊營造股份有限公司","臺北市信義區基隆路1段143號9樓之3","100000000","100000000"," ","0791221","臺北市信義區興雅里基隆路１段１４３號９樓之３","429099,,,","26-MAR-26","","","","",""
"24264522","東日興業股份有限公司","臺北市萬華區萬大路90巷6號2樓","3000000","3000000"," ","0971113","臺北市中山區集英里中山北路３段５８號","432000,,,","26-MAR-26","","","","",""
"24307326","世潤工程有限公司","臺北市內湖區內湖路1段737巷1號5樓","1000000"," "," ","0971114","臺北市內湖區港富里內湖路１段７３７巷１號５樓","431013,431014,,","26-MAR-26","","","","",""
"24310820","環興科技股份有限公司","臺北市內湖區安康路20號5樓","800000000","300000000"," ","0971201","臺北市內湖區石潭里安康路２０號５樓","711299,,,","26-MAR-26","","","","",""
"24331521","順益土木包工業有限公司","臺北市信義區永吉路30巷118弄3號1樓","1000000"," "," ","0980317","臺北市信義區興雅里永吉路３０巷１１８弄３號１樓","434015,,,","26-MAR-26","","","","",""
"24343940","華雋有限公司","臺北市大安區忠孝東路4段222號3樓","5250000"," "," ","0980504","臺北市大安區車層里忠孝東路４段２２２號３樓","471999,476312,,","26-MAR-26","","","","",""
"24452334","峻嘉開發股份有限公司","臺北市松山區南京東路3段287號2樓","3000000","3000000"," ","0980803","臺北市松山區中正里南京東路３段２８７號２樓","451099,454811,469916,","26-MAR-26","","","","",""
"24466169","玄仲企業有限公司","臺北市松山區復興北路167號14樓","5000000"," "," ","0980923","臺北市松山區中正里復興北路１６７號１４樓","462099,452000,461400,","26-MAR-26","","","","",""
"24469601","寶徠綠能科技股份有限公司","臺北市內湖區新湖一路303號4樓","130000000","91000000"," ","0981007","臺北市內湖區湖元里新湖一路３０３號４樓","232211,281099,353011,340015","26-MAR-26","","","","",""
"24478051","京水寶生物科技股份有限公司","臺北市中正區忠孝西路1段41號15樓之11","30000000","30000000"," ","0981109","臺北市中正區黎明里忠孝西路１段４１號１５樓之１１","760999,462099,,","26-MAR-26","","","","水和樂,京水寶,KINSHIP,WAHOLA,","2024-11-27"
"24481725","富德國際開發股份有限公司","臺北市大安區光復南路308巷42之1號","5000000","5000000"," ","0981120","臺北市大安區正聲里光復南路３０８巷４２─１號１樓","681111,681112,433199,","26-MAR-26","","","","",""
"24485807","勝義環保股份有限公司","臺北市萬華區漢中街135號9樓","1500000","1500000"," ","0981207","臺北市萬華區新起里漢中街１３５號９樓","461599,461999,731099,","26-MAR-26","","","","",""
"24486691","台正營造有限公司","臺北市內湖區金湖路28號1樓","40000000"," "," ","0981209","臺北市內湖區清白里金湖路２８號１樓","439099,383099,,","26-MAR-26","","","","",""
"24494448","建鑫開發工程有限公司","臺北市信義區基隆路1段155號8樓之8","12000000"," "," ","0990108","臺北市信義區興雅里基隆路１段１５５號８樓之８","431014,382111,431015,812100","26-MAR-26","","","","",""
"24496229","泰榮興實業股份有限公司","臺北市松山區南京東路5段46號12樓","7100000","7100000"," ","0990115","臺北市松山區吉祥里南京東路５段４６號１２樓","233300,451099,,","26-MAR-26","","","","",""
"24532956","源信企業股份有限公司","臺北市南港區經貿二路135號11樓","100000000","60000000"," ","1030403","臺北市南港區經貿二路１３５號１１樓","462099,461999,464999,","26-MAR-26","","","","",""
"24535074","樂福工程有限公司","臺北市北投區致遠一路1段84號","200000"," "," ","1030409","臺北市北投區石牌里致遠一路１段８４號","461999,,,","26-MAR-26","","","","",""
"24550861","尚易有限公司","臺北市文山區溪洲街67號1樓","15000000"," "," ","1030522","臺北市文山區萬和里溪洲街６７號１樓","474199,456199,487199,456999","26-MAR-26","","","","SUNEASY,","2024-11-27"
"24552381","海浚國際貿易有限公司","臺北市中山區農安街77巷9弄35號1樓","5000000"," "," ","1030527","臺北市中山區新庄里農安街７７巷９弄３５號１樓","232100,451099,462099,485299","26-MAR-26","","","","",""
"24569284","育宏有限公司","臺北市松山區三民路180巷30號","3000000"," "," ","1030718","臺北市松山區富錦里三民路１８０巷３０號","462099,482113,451099,471999","26-MAR-26","","","","",""
"24582890","嘉昇國際開發有限公司","臺北市士林區承德路4段255號1樓","8000000"," "," ","1030618","臺北市士林區後港里承德路４段２５５號１樓","670012,454211,649999,","26-MAR-26","","","","",""
"24583315","磊恩營造有限公司","臺北市內湖區成功路4段188號9樓之7","3600000"," "," ","1030619","臺北市內湖區內湖里成功路４段１８８號９樓之７","410013,410011,410099,","26-MAR-26","","","","",""
"24614035","宜捷企業股份有限公司","臺北市萬華區青年路106巷6號3樓","5000000","5000000"," ","1030625","臺北市萬華區青年路１０６巷６號３樓","469925,434013,461515,434011","26-MAR-26","","","","",""
"24693328","永信人力資源顧問有限公司","臺北市大同區民生西路300號7樓","5000000"," "," ","1030905","臺北市大同區朝陽里民生西路３００號７樓","782000,702099,,","26-MAR-26","","","","",""
"24693755","鴻溢工程有限公司","臺北市文山區羅斯福路5段176巷33之2號","5000000"," "," ","1030909","臺北市文山區萬年里羅斯福路五段１７６巷３３─２號","431015,,,","26-MAR-26","","","","",""
"24713437","鴒暘有限公司","臺北市士林區忠誠路2段96號4樓","1000000"," "," ","1031209","臺北市士林區天祿里忠誠路二段９６號４樓","452000,471999,,","26-MAR-26","","","","",""
"24743988","夷登建設有限公司","臺北市中正區羅斯福路4段68號15樓之5","10000000"," "," ","1030904","臺北市中正區水源里羅斯福路４段６８號１５樓之５","670012,681111,469925,","26-MAR-26","","","","",""
"24750328","豐彩貿易有限公司","臺北市中正區館前路8號7樓","5000000"," "," ","1030923","臺北市中正區黎明里館前路８號７樓","781099,469925,,","26-MAR-26","","","","",""
"24754817","凡宇興業有限公司","臺北市中山區民權東路3段37號11樓","1000000"," "," ","1031007","臺北市中山區下埤里民權東路３段３７號１１樓","060099,060011,451099,","26-MAR-26","","","","",""
"24756505","台灣梨山冠軍有機茶農場股份有限公司","臺北市中山區新生北路3段84巷6號6樓之5","3000000","3000000"," ","1031013","臺北市中山區圓山里新生北路３段８４巷６號６樓之５","454811,,,","26-MAR-26","","","","",""
"24760199","昇貴有限公司","臺北市士林區前街41號","1600000"," "," ","1031022","臺北市士林區舊佳里前街４１號","461515,431014,,","26-MAR-26","","","","",""
"24782594","永鑫人文服務事業有限公司","臺北市中山區民權東路1段54號2樓","990000"," "," ","1031227","臺北市中山區聚葉里民權東路１段５４號２樓","963015,681111,681112,","26-MAR-26","","","","",""
"24782715","力鈦工程有限公司","臺北市松山區塔悠路214號3樓","1000000"," "," ","1031229","臺北市松山區新東里塔悠路２１４號３樓","439014,431020,,","26-MAR-26","","","","",""
"24851753","景永科技整合有限公司","臺北市松山區南京東路5段225號9樓之1","1000000"," "," ","1031211","臺北市松山區安平里南京東路５段２２５號９樓之１","712100,370000,,","26-MAR-26","","","","",""
"24933116","廣杏國際股份有限公司","臺北市大同區迪化街1段72巷8弄2號3樓","3000000","3000000"," ","1040130","臺北市大同區永樂里迪化街１段７２巷８弄２號３樓","457199,475199,,","26-MAR-26","","","","",""
"24939532","麒豐工程有限公司","臺北市中正區八德路1段46號9樓","6000000"," "," ","1040216","臺北市中正區梅花里八德路１段４６號９樓","461999,,,","26-MAR-26","","","","",""
"24942298","台灣玫瑰寶石股份有限公司","臺北市中山區松江路235巷36號2樓","15000000","15000000"," ","1040305","臺北市中山區松江里松江路２３５巷３６號２樓","249100,239999,234099,339112","26-MAR-26","","","","台灣玫瑰玉,TAIWAN RDN JD,","2024-11-27"
"24946301","興承開發股份有限公司","臺北市信義區光復南路547號3樓之5","12000000","12000000"," ","1040318","臺北市信義區中興里光復南路５４７號３樓之５","711299,,,","26-MAR-26","","","","SING CHENG HOTSPRING,","2024-11-27"
"24946914","英宜國際有限公司","臺北市內湖區康寧路3段245巷34號","5000000"," "," ","1040319","臺北市內湖區五分里康寧路３段２４５巷３４號","455199,456211,456999,473199","26-MAR-26","","","","",""
"24949412","信錩工程有限公司","臺北市士林區延平北路8段133巷31號","1000000"," "," ","1040326","臺北市士林區富洲里延平北路８段１３３巷３１號","381111,381299,461999,","26-MAR-26","","","","",""
"24959092","金赫工程有限公司","臺北市信義區基隆路1段400號10樓之1","2500000"," "," ","1040423","臺北市信義區中興里基隆路１段４００號１０樓之１","431099,,,","26-MAR-26","","","","",""
"25008747","煒達實業有限公司","臺北市松山區南京東路5段2號3樓","500000"," "," ","0980806","臺北市松山區吉祥里南京東路５段２號３樓","464111,464112,483111,483112","26-MAR-26","","","","",""
"25101053","世青工程有限公司","臺北市北投區石牌路1段6號3樓","3000000"," "," ","0990201","臺北市北投區福興里石牌路１段６號３樓","429099,434099,434011,","26-MAR-26","","","","",""
"25102449","台灣宅經濟科技有限公司","臺北市中山區松江路51號8樓之2","5000000"," "," ","0990205","臺北市中山區朱園里松江路５１號８樓之２","681113,,,","26-MAR-26","","","","",""
"25106091","晶元綠能股份有限公司","臺北市文山區指南路1段41號5樓之1","200000000","56246400"," ","0990225","臺北市文山區木新里指南路１段４１號５樓之１","351000,433112,464920,281099","26-MAR-26","","","","",""
"25110834","見欣實業股份有限公司","臺北市中正區衡陽路51號8樓之2","100000000","100000000"," ","0990317","臺北市中正區光復里衡陽路５１號８樓之２","462099,,,","26-MAR-26","","","","長壽,","2024-11-27"
"25116112","廣富發室內裝修有限公司","臺北市信義區忠孝東路5段423巷30號4樓","500000"," "," ","0990331","臺北市信義區長春里忠孝東路５段４２３巷３０號４樓","434015,,,","26-MAR-26","","","","",""
"25120994","元昌國際股份有限公司","臺北市中山區南京東路3段101號4樓","101000000","101000000"," ","0990416","臺北市中山區復華里南京東路３段１０１號４樓","481014,711113,670012,340015","26-MAR-26","","","","",""
"25124582","泉能開發股份有限公司","臺北市信義區永吉路302號2樓之5","25800000","25800000"," ","0990428","臺北市信義區五全里永吉路３０２號２樓之５","439099,,,","26-MAR-26","","","","",""
"25125111","昕通化工有限公司","臺北市信義區基隆路2段51號6樓之2","10000000"," "," ","0990429","臺北市信義區景聯里基隆路２段５１號６樓之２","461400,461400,462015,462099","26-MAR-26","","","","",""
"25134913","奇玉海外玉礦採集有限公司","臺北市內湖區行愛路77巷57號1樓","5000000"," "," ","0990603","臺北市內湖區湖元里行愛路７７巷５７號１樓","060099,456613,,","26-MAR-26","","","","",""
"25142505","台灣綠建科技股份有限公司","臺北市士林區至善路2段11號1樓","700000000","110000000"," ","0990630","臺北市士林區臨溪里至善路２段１１號１樓","439099,639099,,","26-MAR-26","","","","",""
"27316072","天疆開發建設股份有限公司","臺北市松山區敦化北路207號5樓","200000000","200000000"," ","0930505","臺北市松山區精忠里敦化北路２０７號５樓","434011,681111,451099,681112","26-MAR-26","","","","",""
"27322742","台灣國旅聯合股份有限公司","臺北市中正區館前路6號6樓之3","10000000","10000000"," ","0930524","臺北市中正區黎明里館前路６號６樓之３","462011,669199,456211,","26-MAR-26","","","","",""
"27326769","諾曼帝國際開發有限公司","臺北市內湖區成功路2段250巷4號1樓","5000000"," "," ","0930603","臺北市內湖區湖興里成功路２段２５０巷４號","461214,,,","26-MAR-26","","","","ACRO,歐樂石油,","2024-11-27"
"27328387","志楷工程有限公司","臺北市松山區南京東路4段130號2樓之1","10000000"," "," ","0930609","臺北市松山區復勢里南京東路４段１３０號２樓之１","432000,461111,461214,","26-MAR-26","","","","",""
"27337409","長明環保顧問有限公司","臺北市松山區健康路198號2樓","5000000"," "," ","0930705","臺北市松山區東光里健康路１９８號２樓","812100,456700,781099,812911","26-MAR-26","","","","",""
"27344106","龍蓁淳國際股份有限公司","臺北市士林區延平北路6段228號","300000000","75764190"," ","0930723","臺北市士林區永倫里延平北路６段２２８號","434015,,,","26-MAR-26","","","","",""
"27350514","唐葳科技股份有限公司","臺北市大安區復興南路2段237號13樓","100000000","100000000"," ","0930810","臺北市大安區群賢里復興南路２段２３７號１３樓","060099,433212,432000,","26-MAR-26","","","","",""
"27368296","翡泰國際藝術中心股份有限公司","臺北市士林區大南路419號地下1層","220000000","220000000"," ","0931004","臺北市士林區後港里大南路４１９號地下１樓","456612,681112,,","26-MAR-26","","","","翡翠皇后,FEI TAI INTERNATIONAL ART CENTER,","2024-11-27"
"27532212","超航船務代理有限公司","臺北市松山區復興北路181號4樓之4","9000000"," "," ","0931111","臺北市松山區松基里復興北路１８１號４樓之４","523200,522000,681112,","26-MAR-26","","","","",""
"27572874","榮達國際興業有限公司","臺北市信義區信義路5段5號6樓","1500000"," "," ","0940323","臺北市信義區西村里信義路五段５號６樓（６Ｂ１２）","820211,472913,702099,469999","26-MAR-26","","","","",""
"27573156","信豐發有限公司","臺北市中正區紹興北街31巷28號2樓","1200000"," "," ","0940323","臺北市中正區梅花里紹興北街３１巷２８號２樓","451099,472999,453111,453112","26-MAR-26","","","","",""
"27574562","德實慶國際有限公司","臺北市松山區南京東路4段180號4樓之5","5000000"," "," ","0940325","臺北市松山區復勢里南京東路４段１８０號４樓之５","451099,,,","26-MAR-26","","","","飲水思緣,RUSKIN,","2024-11-27"
"27648683","罡昱開發有限公司","臺北市萬華區西園路2段261巷20弄32號","5000000"," "," ","0940324","臺北市萬華區錦德里西園路２段２６１巷２０弄３２號","433199,434011,451099,620299","26-MAR-26","","","","",""
"27658605","珊瑚泰億實業有限公司","臺北市大同區重慶北路3段80號2樓","5000000"," "," ","0940404","臺北市大同區國慶里重慶北路三段８０號２樓","454921,631100,469199,381111","26-MAR-26","","","","",""
"27741463","駿霖工程有限公司","臺北市大安區忠孝東路4段295號3樓","8000000"," "," ","0940624","臺北市大安區華聲里忠孝東路４段２９５號３樓","431015,,,","26-MAR-26","","","","",""
"27756211","博頡設計工程有限公司","臺北市北投區知行路202巷22號","3000000"," "," ","0940808","臺北市北投區關渡里知行路２０２巷２２號","740100,,,","26-MAR-26","","","","",""
"27765210","中泱工程顧問股份有限公司","臺北市中正區忠孝東路2段94號5樓","55000000","55000000"," ","0940831","臺北市中正區幸市里忠孝東路２段９４號５樓","060099,,,","26-MAR-26","","","","",""
"27765268","長紅交通企業有限公司","臺北市士林區通河東街2段10巷8號1樓","25000000"," "," ","0940831","臺北市士林區後港里通河東街２段１０巷８號１樓","494099,,,","26-MAR-26","","","","",""
"27765611","元墅建設股份有限公司","臺北市士林區承德路4段246號3樓","29000000","29000000"," ","0940902","臺北市士林區後港里承德路４段２４６號３樓","681111,681112,670012,","26-MAR-26","","","","",""
"27769763","達禾國際開發股份有限公司","臺北市南港區興中路28巷28號17樓之2","26000000","26000000"," ","0940915","臺北市南港區南港里興中路２８巷２８號１７樓之２","451099,461999,461214,","26-MAR-26","","","","",""
"27826238","元侑股份有限公司","臺北市中正區青島東路4之9號","10000000","10000000"," ","0940623","臺北市中正區幸福里青島東路４─９號１樓","160212,455111,271999,454612","26-MAR-26","","","","",""
"27970303","永湛工程有限公司","臺北市信義區吳興街494巷6號","10000000"," "," ","0941114","臺北市信義區惠安里吳興街４９４巷６號","431014,434012,,","26-MAR-26","","","","",""
"27981836","弘郁工程技術顧問有限公司","臺北市文山區羅斯福路5段127號3樓","2500000"," "," ","0941219","臺北市文山區萬盛里羅斯福路五段１２７號３樓","711211,711299,740100,","26-MAR-26","","","","",""
"27996009","唐屋科技開發有限公司","臺北市中山區敬業一 路139號5樓之7","45000000"," "," ","0950209","臺北市中山區成功里敬業一路１３９號５樓之７","434011,,,","26-MAR-26","","","","",""
"28003871","鴻昇資產管理股份有限公司","臺北市大安區安和路1段90巷1號","10000000","10000000"," ","0950310","臺北市大安區敦安里安和路１段９０巷１號","681112,669999,,","26-MAR-26","","","","",""
"28011324","仲幃有限公司","臺北市松山區南京東路4段197號9樓之1","16000000"," "," ","0950331","臺北市松山區東勢里南京東路４段１９７號９樓之１","649911,771100,771999,431014","26-MAR-26","","","","",""
"28041832","明大國際貿易股份有限公司","臺北市信義區信義路5段5號","500000000","29000000"," ","0941128","臺北市信義區西村里信義路５段５號５Ｂ３１","457299,456199,464499,464211","26-MAR-26","","","","BIG BOSS TALK,MO CHUISLE BANK,MING TA,MO CHUSLE,老板學老板,MO CHUISLE,茉斯蘭,","2024-11-27"
"28049449","通達鑫實業股份有限公司","臺北市信義區忠孝東路5段236巷57弄5號","30000000","30000000"," ","0941208","臺北市信義區安康里忠孝東路５段２３６巷５７弄５號","060099,381111,461214,340017","26-MAR-26","","","","",""
"28072686","嘉奕科技股份有限公司","臺北市中山區建國北路2段82號6樓","80000000","80000000"," ","0950106","臺北市中山區中央里建國北路２段８２號６樓","292700,220999,184199,483111","26-MAR-26","","","","",""
"28080617","潔霸企業有限公司","臺北市中山區民權東路2段206號5樓之2","1000000"," "," ","0950119","臺北市中山區松江里民權東路２段２０６號５樓之２","812100,434011,434012,410011","26-MAR-26","","","","",""
"28141017","佳寶隆工程有限公司","臺北市北投區崇仁路1段116號2樓","1000000"," "," ","0950406","臺北市北投區清江里崇仁路１段１１６號２樓","381113,,,","26-MAR-26","","","","",""
"28173946","保實國際開發股份有限公司","臺北市中山區林森北路100號4樓之1","25000000","25000000"," ","0950413","臺北市中山區正得里林森北路１００號４樓之１","670012,681111,681112,461999","26-MAR-26","","","","",""
"28192021","顓陽實業有限公司","臺北市北投區石牌路1段166巷90號","23500000"," "," ","0950609","臺北市北投區榮光里石牌路１段１６６巷９０號","562012,454999,,","26-MAR-26","","","","",""
"28194148","玟佳實業有限公司","臺北市中山區龍江路1號5樓之2","1000000"," "," ","0950616","臺北市中山區朱崙里龍江路１號５樓之２","060099,451099,434011,461513","26-MAR-26","","","","",""
"28212928","嘉北國際股份有限公司","臺北市中山區中山北路2段96號","195600000","195600000"," ","0950818","臺北市中山區集英里中山北路２段９６號","060099,060099,060099,461999","26-MAR-26","","","","",""
"28213222","世煌工程有限公司","臺北市大安區忠孝東路4段181巷50號5樓之1","1000000"," "," ","0950821","臺北市大安區建安里忠孝東路四段１８１巷５０號５樓之１","813000,812999,,","26-MAR-26","","","","",""
"28229168","夏耘股份有限公司","臺北市松山區南京東路5段48號8樓","29000000","29000000"," ","0951017","臺北市松山區吉祥里南京東路５段４８號８樓","771999,771100,681111,681112","26-MAR-26","","","","",""
"28324022","雍燁實業有限公司","臺北市信義區忠孝東路5段1之8號11樓","3000000"," "," ","0950529","臺北市信義區興雅里忠孝東路五段１─８號１１樓","433199,483111,433112,","26-MAR-26","","","","",""
"28446910","曼谷達愛環保有限公司","臺北市松山區撫遠街367巷8號4樓","5000000"," "," ","0951110","臺北市松山區莊敬里撫遠街３６７巷８號４樓","381111,382112,,","26-MAR-26","","","","",""
"28458400","東甯國際有限公司","臺北市中山區新生北路1段67號","1000000"," "," ","0951221","臺北市中山區興亞里新生北路１段６７號１樓","464915,475113,454700,457113","26-MAR-26","","","","",""
"28460412","小麒麟廣告有限公司","臺北市信義區莊敬路423巷2弄17號1樓","1000000"," "," ","0951227","臺北市信義區三張里莊敬路４２３巷２弄１７號１樓","781099,,,","26-MAR-26","","","","",""
"28463467","凌冠多元國際有限公司","臺北市南港區忠孝東路5段815號8樓","6000000"," "," ","0960110","臺北市南港區合成里忠孝東路五段８１５號８樓","464211,740999,740100,433212","26-MAR-26","","","","",""
"28500483","琩育預拌混凝土股份有限公司","臺北市士林區福國路95之25號1樓","77000000","77000000"," ","0951017","臺北市士林區德華里福國路９５－２５號１樓","233200,060099,461211,","26-MAR-26","","","","",""
"28680339","中華文化股份有限公司","臺北市中正區館前路6號6樓之3","1000000","1000000"," ","0960529","臺北市中正區黎明里館前路６號６樓之３","013012,020011,,","26-MAR-26","","","","",""
"28696199","威展環保工程有限公司","臺北市文山區秀明路2段6之3號3樓","5000000"," "," ","0960724","臺北市文山區萬興里秀明路二段６─３號３樓","382112,410015,,","26-MAR-26","","","","",""
"28699604","李氏國際開發股份有限公司","臺北市士林區中山北路6段310號","10000000","10000000"," ","0960803","臺北市士林區蘭雅里中山北路６段３１０號","434011,740100,472999,561115","26-MAR-26","","","","言,GALAXY DESIGN,GALAXY CAFE,","2024-11-27"
"28705015","環宇國際資源開發股份有限公司","臺北市大安區安和路2段44巷4號","120000000","25000000"," ","0960827","臺北市大安區義安里安和路２段４４巷４號","451099,471999,060099,","26-MAR-26","","","","",""
"28811037","尹文室內裝修工程有限公司","臺北市內湖區新明路179號5樓之1","16800000"," "," ","0961016","臺北市內湖區石潭里新明路１７９號５樓之１","461515,740100,434011,","26-MAR-26","","","","",""
"28821181","昕宙建設開發股份有限公司","臺北市信義區永吉路200巷23號1樓","30000000","30000000"," ","0961031","臺北市信義區五全里７鄰永吉路２００巷２３號１樓","681111,681112,461999,","26-MAR-26","","","","",""
"28822246","福昱開發股份有限公司","臺北市中山區松江路237號13樓","10000000","10000000"," ","0961105","臺北市中山區松江路２３７號１３樓","461999,464999,464999,060099","26-MAR-26","","","","",""
"28822702","金馥酈國際有限公司","臺北市中山區錦州街105號1樓","500000"," "," ","0961106","臺北市中山區新生里錦州街１０５號１樓","456700,457299,474917,475299","26-MAR-26","","","","",""
"28825335","旭坤開發股份有限公司","臺北市中山區民權東路2段152巷8號","10000000","10000000"," ","0961119","臺北市中山區松江里民權東路２段１５２巷８號","670012,681113,711113,422099","26-MAR-26","","","","",""
"28841308","榮華船務代理有限公司","臺北市松山區復興北路181號4樓","9000000"," "," ","0970121","臺北市松山區松基里復興北路１８１號４樓","522000,452000,681112,523200","26-MAR-26","","","","",""
"28847507","博銓實業有限公司","臺北市文山區景興路177巷1弄20號","6500000"," "," ","0970222","臺北市文山區景東里景興路１７７巷１弄２０號","433900,,,","26-MAR-26","","","","",""
"28859691","勇原工程股份有限公司","臺北市松山區南京東路5段250巷2弄19號1樓","10000000","10000000"," ","0970411","臺北市松山區新聚里南京東路５段２５０巷２弄１９號１樓","431014,060099,461999,390099","26-MAR-26","","","","",""
"28865883","中捷實業股份有限公司","臺北市松山區八德路4段106巷4弄10號","195800000","195800000"," ","0970505","臺北市松山區復盛里八德路４段１０６巷４弄１０號","292999,293600,271999,269999","26-MAR-26","","","","",""
"29034423","永展礦業股份有限公司","臺北市大安區忠孝東路4段169號12樓之1","10000000","10000000"," ","0970605","臺北市大安區建安里忠孝東路４段１６９號１２樓之１","060013,,,","26-MAR-26","","","","",""
"29043703","天淯開發有限公司","臺北市大同區重慶北路1段30號9樓之6","15000000"," "," ","0970710","臺北市大同區建功里重慶北路１段３０號９樓之６","469916,485216,461999,456999","26-MAR-26","","","","",""
"29045646","豐碩工程顧問有限公司","臺北市信義區忠孝東路5段1之3號7樓","880000"," "," ","0970717","臺北市信義區興雅里忠孝東路五段１─３號７樓","711212,711299,,","26-MAR-26","","","","",""
"29050963","東億室內裝修有限公司","臺北市松山區民生東路4段55巷20號1樓","3000000"," "," ","0970807","臺北市松山區精忠里民生東路４段５５巷２０號１樓","681111,681112,,","26-MAR-26","","","","",""
"29057380","長榮光電股份有限公司","臺北市信義區松德路65號11樓之1","100000000","54000000"," ","0970903","臺北市信義區國業里松德路６５號１１樓之１","451099,464211,464111,284299","26-MAR-26","","","","",""
"29089833","鑫玄實業有限公司","臺北市內湖區南京東路6段350之3號3樓","1000000"," "," ","0970508","臺北市內湖區石潭里南京東路６段３５０－３號３樓","681112,,,","26-MAR-26","","","","",""
"29100035","詠川實業有限公司","臺北市中正區汀州路1段170號3樓","15000000"," "," ","0970526","臺北市中正區永昌里汀州路１段１７０號３樓","429099,,,","26-MAR-26","","","","",""
"29176800","威榮開發有限公司","臺北市中正區博愛路154號3樓","11000000"," "," ","0990817","臺北市中正區建國里博愛路１５４號３樓","431014,461514,060014,","26-MAR-26","","","","",""
"30429590","來福貿易股份有限公司","臺北市松山區民生東路3段131號11樓","95000000","95000000"," ","0610414","臺北市松山區民生東路３段１３１號１１樓","451099,249911,463114,","26-MAR-26","","","","來福,LAI FU,REHFELDT,瑞福,","2024-11-27"
"31173483","益鉅股份有限公司","臺北市內湖區民權東路6段136巷2號1樓","24000000","24000000"," ","0790927","臺北市內湖區湖元里民權東路６段１３６巷２號１樓","060014,530100,439099,429099","26-MAR-26","","","","",""
"31234361","晴光建設股份有限公司","臺北市中山區雙城街21號8樓","25000000","25000000"," ","0630627","臺北市中山區雙城街２１號８樓","431021,,,","26-MAR-26","","","","",""
"31310727","登山營造股份有限公司","臺北市中山區南京東路2段88號20樓之2","210000000","210000000"," ","0721013","臺北市中山區興亞里南京東路２段８８號２０樓之２","410013,429011,681111,390011","26-MAR-26","","","","",""
"31333019","吉祥貨運有限公司","臺北市士林區通河東街2段10巷8號1樓","12000000"," "," ","0730802","臺北市士林區後港里通河東街２段１０巷８號１樓","494099,434011,,","26-MAR-26","","","","",""
"31343017","讚懿興業股份有限公司","臺北市士林區延平北路5段257巷2弄21號1樓","7000000","7000000"," ","0740207","臺北市士林區延平北路５段２５７巷２弄２１號１樓","455999,,,","26-MAR-26","","","","希比,鯊魚,皮偶鯊,CARLO PALAZZI,PIERRE SHARKY,","2024-11-27"
"33770211","萬事通運企業有限公司","臺北市士林區通河東街2段10巷8號1樓","6000000"," "," ","0650827","臺北市士林區後港里通河東街２段１０巷８號１樓","494099,382111,060099,","26-MAR-26","","","","",""
"37003021","三金鑛業股份有限公司","臺北市內湖區行愛路141巷32號5樓","500000000","12000000"," ","0580620","臺北市內湖區湖元里行愛路１４１巷３２號５樓","353011,760999,712999,281099","26-MAR-26","","","","",""
"42031981","協發石業有限公司","臺北市萬華區東園街16之1號","1000000"," "," ","0671129","臺北市萬華區忠德里東園街１６之１號","239913,461512,681112,183011","26-MAR-26","","","","",""
"42598466","台灣大侑科技股份有限公司","臺北市大安區信義路4段265巷8號2樓","10000000","10000000"," ","1040914","臺北市大安區敦煌里信義路４段２６５巷８號２樓","702099,454999,456999,456211","26-MAR-26","","","","",""
"42622016","芸廣股份有限公司","臺北市士林區天母東路38之1號","3400000","3400000"," ","1040720","臺北市士林區天福里天母東路３８─１號","702099,681111,681112,669199","26-MAR-26","","","","",""
"42633533","匯通天下股份有限公司","臺北市大同區環河北路1段349號5樓","5000000","5000000"," ","1040820","臺北市大同區大有里環河北路１段３４９號５樓","454999,456999,,","26-MAR-26","","","","",""
"42638875","瑞穎實業股份有限公司","臺北市中山區民族東路410巷12號1樓","3500000","3500000"," ","1040904","臺北市中山區行孝里民族東路４１０巷１２號１樓","454399,,,","26-MAR-26","","","","",""
"42639776","睦勤綠能微電網股份有限公司","臺北市大安區忠孝東路4段49巷2號5樓","200000000","20000000"," ","1040909","臺北市大安區光武里忠孝東路４段４９巷２號５樓","669199,649999,,","26-MAR-26","","","","",""
"42659596","綠橙紅空間規劃設計有限公司","臺北市大同區萬全街58號3樓","1000000"," "," ","1041104","臺北市大同區雙連里萬全街５８號３樓","451099,011799,,","26-MAR-26","","","","",""
"42691195","京叡國際有限公司","臺北市北投區公館路336號1樓","3000000"," "," ","1041112","臺北市北投區奇岩里公館路３３６號１樓","410099,454999,455999,473999","26-MAR-26","","","","",""
"42742292","朋宥營造股份有限公司","臺北市大同區南京西路57號12樓之6","29000000","29000000"," ","0851127","臺北市大同區光能里南京西路５７號１２樓之６","429099,782000,461999,","26-MAR-26","","","","",""
"42789021","偉宬有限公司","臺北市中山區長春路172號8樓之10","1000000"," "," ","1050811","臺北市中山區中央里長春路１７２號８樓之１０","381111,381112,381113,381114","26-MAR-26","","","","",""
"42829558","辰光開發工程有限公司","臺北市大安區忠孝東路3段305號6樓之1","5000000"," "," ","1041203","臺北市大安區誠安里忠孝東路３段３０５號６樓之１","431014,461999,382112,","26-MAR-26","","","","",""
"42834026","麥德倫國際有限公司","臺北市大安區忠孝東路4段320號2樓","3000000"," "," ","1041218","臺北市大安區正聲里忠孝東路４段３２０號２樓","011999,472999,,","26-MAR-26","","","","M A,","2024-11-27"
"42838304","豐勝開發事業有限公司","臺北市中山區南京東路2段76號4樓","5000000"," "," ","1041231","臺北市中山區興亞里南京東路２段７６號４樓","433900,433212,433117,439014","26-MAR-26","","","","",""
"42856484","域設室內裝潢工程有限公司","臺北市大安區和平東路3段63號5樓之8","500000"," "," ","1050303","臺北市大安區全安里和平東路３段６３號５樓之８","434011,740912,,","26-MAR-26","","","","",""
"42858589","巨展工程開發有限公司","臺北市信義區基隆路2段23號9樓之5","20000000"," "," ","1050309","臺北市信義區景聯里基隆路二段２３號９樓之５","431099,431017,,","26-MAR-26","","","","",""
"42859118","萬年開發工程有限公司","臺北市中山區松江路360號3樓","1000000"," "," ","1050310","臺北市中山區新生里松江路３６０號３樓","060099,429011,433117,681112","26-MAR-26","","","","",""
"42861487","璟龍國際有限公司","臺北市松山區民生東路4段54號8樓之11","5000000"," "," ","1050317","臺北市松山區精忠里民生東路４段５４號８樓之１１","462099,461999,464212,464913","26-MAR-26","","","","",""
"42990932","士宸國際企業有限公司","臺北市大安區臨江街134號","200000"," "," ","1070213","臺北市大安區通安里臨江街１３４號","454211,,,","26-MAR-26","","","","",""
"43346138","永承開發股份有限公司","臺北市中山區南京東路1段92號7樓","29950000","29950000"," ","1050329","臺北市中山區正義里南京東路１段９２號７樓","670012,681111,681112,433212","26-MAR-26","","","","",""
"43721372","龍盛環保科技股份有限公司","臺北市大安區樂利路11巷26號","18000000","18000000"," ","1050419","臺北市大安區法治里樂利路１１巷２６號","670012,233200,233300,","26-MAR-26","","","","",""
"43743951","金順綠能科技股份有限公司","臺北市松山區南京東路5段169號14樓","7282750","7282750"," ","1050422","臺北市松山區東光里南京東路５段１６９號１４樓","281099,351000,,","26-MAR-26","","","","SUN PATH,","2024-11-27"
"43786249","御金沙有限公司","臺北市中山區明水路600號8樓","2000000"," "," ","1050502","臺北市中山區成功里明水路６００號８樓","472999,475299,,","26-MAR-26","","","","",""
"43816166","協宸有限公司","臺北市松山區復興南路1段63號4樓之1","5000000"," "," ","1050513","臺北市松山區中崙里復興南路１段６３號４樓之１","461999,453211,451099,","26-MAR-26","","","","",""
"43853176","元滿實業有限公司","臺北市南港區福德街309巷34號2樓","1000000"," "," ","1050527","臺北市南港區百福里福德街３０９巷３４號２樓","422099,,,","26-MAR-26","","","","",""
"43898407","品圖影像有限公司","臺北市大同區重慶北路3段144號2樓","1000000"," "," ","1050608","臺北市大同區國慶里重慶北路三段１４４號２樓","760199,,,","26-MAR-26","","","","",""
"43944084","宮廷工程有限公司","臺北市中正區衡陽路10號12樓","2000000"," "," ","1050707","臺北市中正區黎明里衡陽路１０號１２樓","461214,812999,461999,","26-MAR-26","","","","",""
"45027454","香爵有限公司","臺北市大同區赤峰街41巷1之6號2樓","700000"," "," ","1050720","臺北市大同區光能里赤峰街４１巷１─６號２樓","487912,456613,,","26-MAR-26","","","","",""
"45078684","原力新能源有限公司","臺北市中正區青島東路4號2樓之1","3000000"," "," ","1050414","臺北市中正區幸福里青島東路４號２樓之１","340015,760999,464922,","26-MAR-26","","","","",""
"50776301","星瑞開發建設有限公司","臺北市大同區民權西路118巷2號6樓之3","26500000"," "," ","1070528","臺北市大同區民權里民權西路１１８巷２號６樓之３","670012,681111,681112,461999","26-MAR-26","","","","",""
"50789179","崧淯股份有限公司","臺北市內湖區安康路56巷27號","3000000","3000000"," ","1070703","臺北市內湖區蘆洲里安康路５６巷２７號","481013,476111,474999,474917","26-MAR-26","","","","",""
"50794693","笙華生命美學有限公司","臺北市中正區許昌街42之1號10樓","990000"," "," ","1070718","臺北市中正區黎明里許昌街４２─１號１０樓","963015,681112,485212,","26-MAR-26","","","","",""
"50796833","殷業工程有限公司","臺北市中山區新生北路2段31之1號11樓之6","3000000"," "," ","1070724","臺北市中山區中原里新生北路２段３１之１號１１樓之６","284299,434012,,","26-MAR-26","","","","",""
"50859040","億清工程有限公司","臺北市北投區公館路336號1樓","1000000"," "," ","1070806","臺北市北投區奇岩里公館路３３６號１樓","410099,433111,434012,434014","26-MAR-26","","","","",""
"50860052","地平洋資源開發股份有限公司","臺北市中山區復興北路342號2樓","41100000","41100000"," ","1070809","臺北市中山區江山里復興北路３４２號２樓","050011,050012,353011,353012","26-MAR-26","","","","",""
"50862729","愛樂康股份有限公司","臺北市中山區松江路289之702號","6000000","6000000"," ","1070816","臺北市中山區松江里松江路２８９之７０２號","962299,,,","26-MAR-26","","","","ALCARE,愛樂康,SACRO-DX,MOLDCARE,REGUARD,","2024-11-27"
"50887171","廣時營造股份有限公司","臺北市士林區承德路4段83號7樓之1","6000000","6000000"," ","1071030","臺北市士林區承德里承德路４段８３號７樓之１","421000,410099,,","26-MAR-26","","","","",""
"50888256","淞源營造有限公司","臺北市中山區南京東路3段201號3樓","20000000"," "," ","1071102","臺北市中山區復華里南京東路３段２０１號３樓","410099,461999,469925,","26-MAR-26","","","","",""
"50892385","樺太樺越股份有限公司","臺北市信義區莊敬路289巷6號","4500000","4500000"," ","1071116","臺北市信義區景新里莊敬路２８９巷６號","456917,462099,461111,464999","26-MAR-26","","","","",""
"50900688","正讚物業有限公司","臺北市中山區雙城街25巷6號2樓","15000000"," "," ","1071212","臺北市中山區晴光里雙城街２５巷６號２樓","469912,,,","26-MAR-26","","","","正讚,","2024-11-27"
"50904185","德合礦業股份有限公司","臺北市中正區羅斯福路2段136號13樓","1000000","1000000"," ","1071222","臺北市中正區板溪里羅斯福路２段１３６號１３樓","702099,631299,639099,","26-MAR-26","","","","",""
"51081292","崧富營造股份有限公司","臺北市大同區承德路1段35號10樓之2","200010000","200010000"," ","0600721","臺北市大同區建泰里承德路１段３５號１０樓之２","410013,429099,681111,681112","26-MAR-26","","","","",""
"52320102","景紳股份有限公司","臺北市內湖區康樂街72巷17弄5號","5000000","5000000"," ","1050929","臺北市內湖區東湖里康樂街７２巷１７弄５號","487912,475113,,","26-MAR-26","","","","",""
"52349706","蘭花大道有限公司","臺北市大同區敦煌路161號","1000000"," "," ","1051011","臺北市大同區老師里敦煌路１６１號","453213,485113,454399,472311","26-MAR-26","","","","",""
"52405349","車堡寶實業股份有限公司","臺北市大同區太原路79巷38號2樓","8000000","8000000"," ","1051102","臺北市大同區建泰里太原路７９巷３８號２樓","474917,731099,,","26-MAR-26","","","","",""
"52447208","亞太資源整合開發有限公司","臺北市松山區八德路3段2號6樓","1000000"," "," ","1051122","臺北市松山區敦化里八德路３段２號６樓","702099,,,","26-MAR-26","","","","",""
"52482719","台灣恩苖斯有限公司","臺北市中山區松江路122號11樓","10000000"," "," ","1051212","臺北市中山區中吉里松江路１２２號１１樓","464913,433115,434013,340015","26-MAR-26","","","","",""
"52516400","元創綠能科技股份有限公司","臺北市松山區南京東路5段308號7樓之1","10500000","10500000"," ","1060103","臺北市松山區新聚里南京東路５段３０８號７樓之１","281099,,,","26-MAR-26","","","","太陽能竹,SIC SOLUTION,SOLAR BAMBOO,","2024-11-27"
"52544291","安鉑蘭企業有限公司","臺北市大安區敦化南路2段267號6樓之1","6000000"," "," ","1060119","臺北市大安區全安里敦化南路２段２６７號６樓之１","469112,462099,464312,","26-MAR-26","","","","",""
"52551790","伽利索有限公司","臺北市大安區忠孝東路3段100號9樓","50000"," "," ","1060125","臺北市大安區民輝里忠孝東路３段１００號９樓","451099,464211,639099,","26-MAR-26","","","","",""
"52572676","富貴旺實業有限公司","臺北市大安區復興南路1段253巷8號1樓","10000000"," "," ","1060217","臺北市大安區仁慈里復興南路１段２５３巷８號１樓","457299,475299,193299,","26-MAR-26","","","","",""
"52654775","統包家彼得國際工程有限公司","臺北市信義區基隆路1段159號17樓","5000000"," "," ","1060420","臺北市信義區興雅里基隆路１段１５９號１７樓","433111,433112,433199,433117","26-MAR-26","","","","",""
"52894281","時創創新有限公司","臺北市大同區承德路1段17號12樓之5","42000000"," "," ","1060809","臺北市大同區建明里承德路１段１７號１２樓之５","455299,469925,462099,458111","26-MAR-26","","","","",""
"52918761","正心國際興業有限公司","臺北市中正區中山北路1段26巷9號1樓","1000000"," "," ","1060818","臺北市中正區黎明里中山北路１段２６巷９號１樓","434012,381112,457299,451099","26-MAR-26","","","","",""
"53079342","大金都國際行銷股份有限公司","臺北市信義區松平路70號8樓","16880","16880"," ","0990728","臺北市信義區三張里松平路７０號８樓","591112,731011,,","26-MAR-26","","","","",""
"53079429","心璿有限公司","臺北市內湖區環山路2段67號4樓","500000"," "," ","0990728","臺北市內湖區港華里環山路二段６７號４樓","452000,465112,,","26-MAR-26","","","","","2024-11-27"
"53084231","良津貿易有限公司","臺北市內湖區新明路280號3樓","2000000"," "," ","0990816","臺北市內湖區週美里新明路２８０號３樓","461515,,,","26-MAR-26","","","","",""
"53085490","上虹工程有限公司","臺北市士林區重慶北路4段49巷40弄46號4樓","5000000"," "," ","0990819","臺北市士林區福順里重慶北路４段４９巷４０弄４６號４樓","434099,434011,,","26-MAR-26","","","","",""
"53092106","立景國際開發有限公司","臺北市大安區復興南路1段140號2樓","5000000"," "," ","0990914","臺北市大安區誠安里復興南路１段１４０號２樓","456213,,,","26-MAR-26","","","","歐寶,OPO,","2024-11-27"
"53097186","聯邦億達有限公司","臺北市中山區長安東路2段81號12樓","20000000"," "," ","0991001","臺北市中山區朱園里長安東路２段８１號１２樓","681111,681112,681115,681211","26-MAR-26","","","","",""
"53105025","至尊寶珠寶有限公司","臺北市大安區羅斯福路3段29號6樓","2000000"," "," ","0991029","臺北市大安區古莊里羅斯福路３段２９號６樓","474511,474512,,","26-MAR-26","","","","",""
"53210173","嘉鼎工程管理顧問股份有限公司","臺北市內湖區內湖路1段77號2樓","40000000","40000000"," ","1000218","臺北市內湖區西康里內湖路１段７７號２樓","712999,702099,,","26-MAR-26","","","","嘉鼎驗證,JAD,嘉鼎工程管理顧問股份有限公司,","2024-11-27"
"53275652","山海興有限公司","臺北市信義區忠孝東路5段236巷57弄5號","10000000"," "," ","0991209","臺北市信義區安康里忠孝東路５段２３６巷５７弄５號","461214,481014,461111,","26-MAR-26","","","","",""
"53307514","凌昇能源科技股份有限公司","臺北市大同區重慶北路2段157號11樓之3","800000000","387545000"," ","1000223","臺北市大同區雙連里重慶北路二段１５７號１１樓之３","269999,464299,462099,351000","26-MAR-26","","","","SUNLUX,","2024-11-27"
"53311600","奇奕國際興業股份有限公司","臺北市中山區南京東路2段214巷3號1樓","10000000","10000000"," ","1000211","臺北市中山區朱園里南京東路２段２１４巷３號１樓","670012,681112,669199,702099","26-MAR-26","","","","",""
"53311720","屴天工程有限公司","臺北市文山區景興路188號10樓之14","10000000"," "," ","1000214","臺北市文山區景行里景興路１８８號１０樓之１４","060099,429011,,","26-MAR-26","","","","",""
"53318982","瓏曜國際有限公司","臺北市士林區後港街28巷6號1樓","1000000"," "," ","1000311","臺北市士林區承德里後港街２８巷６號１樓","461999,455999,,","26-MAR-26","","","","",""
"53325549","合盛礦業股份有限公司","臺北市中山區中山北路2段113號10樓","301000000","301000000"," ","1000331","臺北市中山區聚葉里中山北路２段１１３號１０樓","060099,,,","26-MAR-26","","","","",""
"53330466","華德稀土金屬材料有限公司","臺北市北投區自強街148號","1000000"," "," ","1000418","臺北市北投區石牌里自強街１４８號","461599,,,","26-MAR-26","","","","",""
"53341920","傑美工程顧問股份有限公司","臺北市信義區松德路65號9樓","80000000","80000000"," ","1000526","臺北市信義區國業里松德路６５號９樓","390099,712100,,","26-MAR-26","","","","","2024-11-27"
"53424148","潤太實業股份有限公司","臺北市松山區敦化北路88號2樓之2","1000000","1000000"," ","1000720","臺北市松山區中正里敦化北路８８號２樓之２","461515,461111,,","26-MAR-26","","","","",""
"53467265","洲邑工程有限公司","臺北市士林區承德路4段83號7樓之1","6000000"," "," ","1001229","臺北市士林區承德里承德路４段８３號７樓之１","429011,433212,421000,381111","26-MAR-26","","","","",""
"53520135","力傑能源股份有限公司","臺北市中山區松江路162號4樓","700000000","300000000"," ","1000721","臺北市中山區中吉里松江路１６２號４樓","463911,,,","26-MAR-26","","","","LJ LEA JIE,","2024-11-27"
"53532006","國際天尊有限公司","臺北市大安區安和路2段5號4樓之1","5000000"," "," ","1000830","臺北市大安區通安里安和路２段５號４樓之１","434011,434012,711299,812100","26-MAR-26","","","","",""
"53537635","榮石建設股份有限公司","臺北市信義區信義路5段150巷2號8樓之5","100000000","60000000"," ","1000920","臺北市信義區三犁里信義路５段１５０巷２號８樓之５","410099,,,","26-MAR-26","","","","",""
"53543691","异而富開發股份有限公司","臺北市松山區八德路4段678號7樓之1","5000000","5000000"," ","1001012","臺北市松山區慈祐里八德路４段６７８號７樓之１","454999,,,","26-MAR-26","","","","",""
"53562417","宏珏國際股份有限公司","臺北市中正區杭州南路1段10號2樓之1","10000000","6000000"," ","1001213","臺北市中正區幸福里杭州南路１段１０號２樓之１","456613,474513,,","26-MAR-26","","","","",""
"53613921","源鴻建業股份有限公司","臺北市中山區松江路39號6樓之4","3000000","3000000"," ","1001006","臺北市中山區朱園里松江路３９號６樓之４","711211,461999,,","26-MAR-26","","","","",""
"53702888","尚宏富有限公司","臺北市信義區和平東路3段315號10樓","37000000"," "," ","1010508","臺北市信義區黎平里和平東路３段３１５號１０樓","461214,,,","26-MAR-26","","","","",""
"53705251","程隆開發有限公司","臺北市中正區博愛路154號4樓","5000000"," "," ","1010517","臺北市中正區建國里博愛路１５４號４樓","382112,461214,,","26-MAR-26","","","","",""
"53713766","弘泉開發有限公司","臺北市中山區復興南路1段36之1號2樓","1000000"," "," ","1010627","臺北市中山區埤頭里復興南路１段３６─１號２樓","969099,060099,433114,439099","26-MAR-26","","","","",""
"53738529","鋐燿開發有限公司","臺北市萬華區西寧南路99巷3號4樓","5000000"," "," ","1010220","臺北市萬華區萬壽里西寧南路９９巷３號４樓","434011,431014,,","26-MAR-26","","","","",""
"53746160","高飛實業有限公司","臺北市內湖區內湖路2段179巷48弄32號5樓","150000"," "," ","1010314","臺北市內湖區湖濱里內湖路２段１７９巷４８弄３２號５樓","469925,,,","26-MAR-26","","","","",""
"53768255","富貴屋有限公司","臺北市大安區復興南路1段253巷8號1樓","50000000"," "," ","1010524","臺北市大安區仁慈里復興南路１段２５３巷８號１樓","931912,,,","26-MAR-26","","","","",""
"53773551","力道國際有限公司","臺北市大安區羅斯福路3段271號10樓之3","10000000"," "," ","1010611","臺北市大安區大學里羅斯福路３段２７１號１０樓之３","454999,472999,,","26-MAR-26","","","","",""
"53775333","鼎文室內裝修工程有限公司","臺北市內湖區新明路179號5樓之1","10000000"," "," ","1010618","臺北市內湖區石潭里新明路１７９號５樓之１","433900,434013,433900,","26-MAR-26","","","","",""
"53915025","台灣鎂創股份有限公司","臺北市中正區新生南路1段50號6樓","5000000","5000000"," ","1010718","臺北市中正區幸市里新生南路１段５０號６樓","471200,471916,,","26-MAR-26","","","","",""
"53917430","杰鼎工程有限公司","臺北市中正區汀州路2段313號1樓","10000000"," "," ","1010725","臺北市中正區頂東里汀州路２段３１３號１樓","381111,382111,433212,431014","26-MAR-26","","","","",""
"53918846","新拓真有限公司","臺北市中山區敬業一路162號3樓","5000000"," "," ","1010730","臺北市中山區成功里敬業一路１６２號３樓","431014,429011,381299,060099","26-MAR-26","","","","",""
"53924657","新元礦業股份有限公司","臺北市內湖區瑞光路258巷2號6樓之4","30000000","30000000"," ","1010821","臺北市內湖區港墘里瑞光路２５８巷２號６樓之４","060099,060099,234012,239999","26-MAR-26","","","","",""
"53933255","海研開發有限公司","臺北市中山區林森北路100號10樓之1","1000000"," "," ","1010919","臺北市中山區正得里林森北路１００號１０樓之１","060099,281099,439099,","26-MAR-26","","","","","2024-11-27"
"53942901","忻聯實業股份有限公司","臺北市信義區基隆路1段155號5樓之7","30000000","30000000"," ","1011022","臺北市信義區興雅里基隆路１段１５５號５樓之７","461311,,,","26-MAR-26","","","","",""
"53945528","群策大健康生醫科技事業股份有限公司","臺北市大安區復興南路1段287號6樓之2","10000000","10000000"," ","1011026","臺北市大安區仁慈里復興南路１段２８７號６樓之２","454999,472999,,","26-MAR-26","","","","",""
"53953879","閎晨工程有限公司","臺北市中正區忠孝東路1段15號5樓","10000000"," "," ","1011126","臺北市中正區梅花里忠孝東路１段１５號５樓","481014,481011,481013,434013","26-MAR-26","","","","",""
"53956411","景興營建股份有限公司","臺北市松山區南京東路5段171號3樓","200000000","149220000"," ","1011205","臺北市松山區東光里南京東路５段１７１號３樓","439099,433212,,","26-MAR-26","","","","",""
"53966065","耕建築營造股份有限公司","臺北市松山區八德路3段20號7樓之1","122500000","122500000"," ","1010801","臺北市松山區敦化里八德路３段２０號７樓之１","439099,060099,461999,","26-MAR-26","","","","",""
"54000843","寬庭開發建築股份有限公司","臺北市大安區忠孝東路4段148號10樓之10","50000000","50000000"," ","1011024","臺北市大安區建倫里忠孝東路４段１４８號１０樓之１０","410013,681111,681112,670012","26-MAR-26","","","","",""
"54050266","西子資產管理有限公司","臺北市文山區指南路3段24巷1弄5號1樓","3300000"," "," ","1020402","臺北市文山區指南里指南路三段２４巷１弄５號１樓","060099,382112,485112,","26-MAR-26","","","","",""
"54152502","維程工程有限公司","臺北市萬華區漢口街2段73號","1000000"," "," ","1011226","臺北市萬華區福星里漢口街２段７３號","431014,,,","26-MAR-26","","","","",""
"54165605","一心開發工程有限公司","臺北市中正區中山北路1段2號8樓","10000000"," "," ","1020208","臺北市中正區黎明里中山北路１段２號８樓","060099,429011,410099,","26-MAR-26","","","","",""
"54176363","河信開發工程有限公司","臺北市萬華區峨眉街127之1號","10000000"," "," ","1020326","臺北市萬華區萬壽里峨眉街１２７之１號","060099,670012,,","26-MAR-26","","","","",""
"54182554","富才工程有限公司","臺北市大安區敦化南路2段77號9樓之4","1000000"," "," ","1020416","臺北市大安區義安里敦化南路２段７７號９樓之４","461400,481011,434014,","26-MAR-26","","","","",""
"54183575","宏鼎工程顧問有限公司","臺北市大安區和平東路3段10號2樓","500000"," "," ","1020418","臺北市大安區虎嘯里和平東路３段１０號２樓","711211,711299,,","26-MAR-26","","","","",""
"54275455","合水先進環境技術股份有限公司","臺北市信義區信義路5段2號4樓","1000000000","456320000"," ","1020606","臺北市信義區景聯里信義路五段２號４樓","433212,434099,702012,464999","26-MAR-26","7857","35","2026-03-25 00:00:00.0","合水,","2024-11-27"
"54287706","嘉格工程有限公司","臺北市大同區迪化街2段172巷20號","3000000"," "," ","1020731","臺北市大同區國順里迪化街二段１７２巷２０號","782000,434011,381113,","26-MAR-26","","","","",""
"54315772","泰宸開發工程有限公司","臺北市松山區南京東路4段197號9樓之1","1000000"," "," ","1021211","臺北市松山區東勢里南京東路４段１９７號９樓之１","433111,433211,433212,","26-MAR-26","","","","",""
"54316131","富立揚營造工程有限公司","臺北市信義區信義路4段415號2樓","9000000"," "," ","1021213","臺北市信義區中興里信義路四段４１５號２樓","439099,429011,,","26-MAR-26","","","","",""
"54342193","昌太工程有限公司","臺北市士林區前街41號(1樓)","1000000"," "," ","1020722","臺北市士林區舊佳里前街４１號１樓","431014,,,","26-MAR-26","","","","",""
"54356793","深海礦晶股份有限公司","臺北市信義區信安街137號","5000000","5000000"," ","1020905","臺北市信義區黎平里信安街１３７號","472999,,,","26-MAR-26","","","","AQUA OMEGA,深海礦晶,","2024-11-27"
"54364870","臻富能源股份有限公司","臺北市中正區忠孝西路1段4號8樓","1000000","1000000"," ","1021003","臺北市中正區黎明里忠孝西路１段４號８樓","464111,,,","26-MAR-26","","","","",""
"54639940","啟迪企業有限公司","臺北市萬華區西藏路272號1樓","2000000"," "," ","1021021","臺北市萬華區頂碩里西藏路２７２號１樓","456114,474199,,","26-MAR-26","","","","",""
"54649004","金典綠能科技有限公司","臺北市中山區長安東路1段30巷3弄25號之2","1000000"," "," ","1021115","臺北市中山區正守里長安東路１段３０巷３弄２５號之２","464999,340099,469999,","26-MAR-26","","","","",""
"54655639","豐成再生能源股份有限公司","臺北市松山區南京東路3段346之2號9樓","126000000","85800000"," ","1021206","臺北市松山區中正里南京東路３段３４６之２號９樓","181015,199099,210100,241100","26-MAR-26","","","","丰成再生能源,節能設備環保膠粉,ECO FORTUNE,ERE ECOFORTUNE,","2024-11-27"
"54658328","升楹國際智慧生醫股份有限公司","臺北市中山區中山北路2段112號8樓之1","161626470","161626470"," ","1021213","臺北市中山區集英里中山北路２段１１２號８樓之１","649911,681112,,","26-MAR-26","","","","",""
"54660773","高利有限公司","臺北市南港區興中路44巷26號","1000000"," "," ","1021223","臺北市南港區南港里興中路４４巷２６號","439014,530100,,","26-MAR-26","","","","",""
"54666002","大極工程有限公司","臺北市萬華區長順街48巷9號","1000000"," "," ","1030110","臺北市萬華區華江里長順街４８巷９號","434011,740100,,","26-MAR-26","","","","",""
"54675558","禾祥工程有限公司","臺北市信義區虎林街202巷36-1號2樓","500000"," "," ","1030219","臺北市信義區國業里虎林街２０２巷３６─１號２樓","410099,429099,,","26-MAR-26","","","","",""
"54676917","傑英國際有限公司","臺北市中正區羅斯福路3段84巷12弄8號","1000000"," "," ","1030224","臺北市中正區頂東里羅斯福路３段８４巷１２弄８號","702012,670012,681111,681112","26-MAR-26","","","","",""
"54685021","采風錄管理顧問有限公司","臺北市中山區長安東路2段169之2號1樓","10000000"," "," ","1030321","臺北市中山區力行里長安東路２段１６９─２號１樓","454399,702099,,","26-MAR-26","","","","",""
"54686984","巨宸國際有限公司","臺北市大安區安和路2段5號10樓之1","1000000"," "," ","1030327","臺北市大安區通安里安和路２段５號１０樓之１","458312,452000,487912,","26-MAR-26","","","","",""
"54688646","天宗實業有限公司","臺北市大同區重慶北路1段83巷4弄2號2樓","3000000"," "," ","1030401","臺北市大同區建功里重慶北路１段８３巷４弄２號２樓","429099,410099,,","26-MAR-26","","","","",""
"54737750","安信營造有限公司","臺北市信義區忠孝東路5段1之1號8樓","21360000"," "," ","1030804","臺北市信義區興雅里忠孝東路五段１─１號８樓","439014,433113,433111,433117","26-MAR-26","","","","",""
"54817114","橙豐營造股份有限公司","臺北市中山區松江路75之1號7樓","12000000","12000000"," ","1030528","臺北市中山區朱園里松江路７５之１號７樓","439099,429011,,","26-MAR-26","","","","",""
"54850083","鋐陞國際有限公司","臺北市大同區寧夏路11號3樓之13","2000000"," "," ","1040622","臺北市大同區星明里寧夏路１１號３樓之１３","434015,464914,434012,","26-MAR-26","","","","",""
"54867373","路壹實業有限公司","臺北市萬華區漢口街2段56號6樓之2","8000000"," "," ","1040904","臺北市萬華區萬壽里漢口街２段５６號６樓之２","469925,431014,431015,","26-MAR-26","","","","",""
"54967984","禾鼎營造有限公司","臺北市中山區松江路152號8樓之7","3600000"," "," ","1080103","臺北市中山區中吉里松江路１５２號８樓之７","410099,,,","26-MAR-26","","","","",""
"55203205","秉洋建設股份有限公司","臺北市中正區忠孝東路1段152號12樓之5","12000000","12000000"," ","1060920","臺北市中正區幸福里忠孝東路１段１５２號１２樓之５","670012,,,","26-MAR-26","","","","",""
"55252275","美立登資源國際有限公司","臺北市大安區和平東路2段347號12樓之1","10000000"," "," ","1060921","臺北市大安區群賢里和平東路２段３４７號１２樓之１","461514,461515,469925,","26-MAR-26","","","","",""
"55628168","天達開發工程有限公司","臺北市大同區天水路40號8樓","10000000"," "," ","1061005","臺北市大同區建功里天水路４０號８樓","433211,433900,,","26-MAR-26","","","","",""
"55649298","城翔建材有限公司","臺北市北投區立農街1段257巷10弄2號1樓","5000000"," "," ","1061017","臺北市北投區立農里立農街１段２５７巷１０弄２號１樓","461999,451099,,","26-MAR-26","","","","",""
"55657542","倫心實業有限公司","臺北市北投區中和街292巷2號1樓","1500000"," "," ","1061020","臺北市北投區開明里中和街２９２巷２號１樓","429099,592014,591113,","26-MAR-26","","","","",""
"55763712","芳瑜貿易有限公司","臺北市中山區農安街77巷9弄35號3樓","100000"," "," ","1061213","臺北市中山區新庄里農安街７７巷９弄３５號３樓","462099,462099,,","26-MAR-26","","","","",""
"55851588","雅砌營造股份有限公司","臺北市文山區景福街48號1樓","13880000","13880000"," ","0851018","臺北市文山區萬隆里景福街４８號１樓","410013,670012,681112,","26-MAR-26","","","","",""
"59009230","晶展營造股份有限公司","臺北市北投區大業路545號1樓","20000000","20000000"," ","1061208","臺北市北投區豐年里大業路５４５號１樓","410011,434015,060099,670012","26-MAR-26","","","","",""
"60328193","福全營造有限公司","臺北市文山區保儀路26巷1號11樓之3","3600000"," "," ","1150205","臺北市文山區保儀路２６巷１號１１樓之３","410013,410099,421000,429099","26-MAR-26","","","","",""
"60359977","冠捷開發有限公司","臺北市士林區中山北路7段114巷1號2樓","10000000"," "," ","1150106","臺北市士林區中山北路７段１１４巷１號２樓","410013,681111,381113,","26-MAR-26","","","","",""
"60385519","永日方長有限公司","臺北市大安區忠孝東路4段319號6樓之1","50000"," "," ","1141215","臺北市大安區華聲里忠孝東路４段３１９號６樓之１","456612,474512,,","26-MAR-26","","","","",""
"60410165","金泓科技新材料有限公司","臺北市北投區中央北路2段126號2樓","1000000"," "," ","1141230","臺北市北投區文化里中央北路二段１２６號","461517,462099,452000,481013","26-MAR-26","","","","",""
"60412311","衡山工程有限公司","臺北市大安區敦化南路1段205號6樓","1000000"," "," ","1140911","臺北市大安區建安里敦化南路１段２０５號６樓","381113,,,","26-MAR-26","","","","",""
"60415458","品兆開發建設有限公司","臺北市中正區忠孝西路1段72號6樓之8","1000000"," "," ","1140925","臺北市中正區黎明里忠孝西路１段７２號６樓之８","681113,670012,,","26-MAR-26","","","","",""
"60416983","安興環境工程股份有限公司","臺北市信義區松德路12號3樓","10000000","10000000"," ","1140917","臺北市信義區廣居里松德路１２號３樓","434011,434014,422013,","26-MAR-26","","","","",""
"60468975","忠緯工程有限公司","臺北市內湖區成功路2段320巷21弄4號2樓","300000"," "," ","1141125","臺北市內湖區湖興里成功路２段３２０巷２１弄４號２樓","433212,461515,,","26-MAR-26","","","","",""
"60470368","以境工程顧問股份有限公司","臺北市大安區仁愛路4段376號13樓之1","3000000","3000000"," ","1141128","臺北市大安區光信里仁愛路４段３７６號１３樓之１","434099,,,","26-MAR-26","","","","",""
"60488037","京宸開發工程有限公司","臺北市大同區南京西路163號2樓之12","2000000"," "," ","1141009","臺北市大同區南京西路１６３號２樓之１２","060014,340099,464319,410099","26-MAR-26","","","","",""
"60488135","左派策略統一股份有限公司","臺北市士林區延平北路6段228號1樓","300000000","1000000"," ","1141009","臺北市士林區永倫里延平北路６段２２８號１樓","631299,639099,,","26-MAR-26","","","","",""
"60488971","元碩墭礦業股份有限公司","臺北市松山區南京東路3段261號6樓","2000000","2000000"," ","1141015","臺北市松山區南京東路３段２６１號６樓","060016,,,","26-MAR-26","","","","",""
"60492102","生悅品實業有限公司","臺北市中正區杭州南路1段23號9樓之3","2000000"," "," ","1141020","臺北市中正區杭州南路１段２３號９樓之３","434011,812100,,","26-MAR-26","","","","",""
"60510452","盛和開發興業股份有限公司","臺北市大同區南京西路163號2樓之40","101000","101000"," ","1140902","臺北市大同區南京西路１６３號２樓之４０","670011,670012,681111,456213","26-MAR-26","","","","",""
"60549724","嘉鼎摩根資產有限公司","臺北市大安區復興南路2段193巷1號","1000000"," "," ","1140707","臺北市大安區群賢里復興南路２段１９３巷１號","649914,410013,670012,456613","26-MAR-26","","","","",""
"60605534","潤耘投資股份有限公司","臺北市大安區敦化南路1段205號2樓之8","1000000","1000000"," ","1140611","臺北市大安區建安里敦化南路１段２０５號２樓之８","669199,,,","26-MAR-26","","","","",""
"60607104","紘締有限公司","臺北市中山區建國北路3段90號1樓","1200000"," "," ","1140617","臺北市中山區行政里建國北路３段９０號１樓","429099,433111,439014,433212","26-MAR-26","","","","",""
"60619777","存旭環境開發股份有限公司","臺北市松山區南京東路5段316號6樓之3","6000000","6000000"," ","1140730","臺北市松山區南京東路５段３１６號６樓之３","383099,382112,381111,812100","26-MAR-26","","","","",""
"60638845","揚春工程有限公司","臺北市中正區臨沂街3巷11號","100000"," "," ","1140618","臺北市中正區臨沂街３巷１１號","140200,,,","26-MAR-26","","","","",""
"60661789","地炎能源有限公司","臺北市信義區基隆路2段15號10樓","100000"," "," ","1140822","臺北市信義區景聯里基隆路二段１５號１０樓","711299,702099,,","26-MAR-26","","","","",""
"60677023","先鋒砂石股份有限公司","臺北市大安區忠孝東路4段270號15樓之1","10000000","1000000"," ","1140312","臺北市大安區正聲里忠孝東路四段２７０號１５樓之１","461214,,,","26-MAR-26","","","","",""
"60687922","康石工程股份有限公司","臺北市南港區東新街95號","1000000","1000000"," ","1140421","臺北市南港區東新街９５號","434012,782000,458299,461515","26-MAR-26","","","","",""
"60699096","華綾國際股份有限公司","臺北市中山區新生北路2段96號2樓之3","25000000","1000000"," ","1140521","臺北市中山區聚盛里新生北路２段９６號２樓之３","433115,,,","26-MAR-26","","","","",""
"60703367","築將創藝空間工程有限公司","臺北市士林區延平北路6段368巷31號2樓","200000"," "," ","1140610","臺北市士林區延平北路６段３６８巷３１號２樓","461514,461515,461599,434011","26-MAR-26","","","","",""
"60713528","五通有限公司","臺北市大安區忠孝東路4段59號4樓之3","3600000"," "," ","1140326","臺北市大安區光武里忠孝東路４段５９號４樓之３","461515,,,","26-MAR-26","","","","",""
"60714619","兆濰工程股份有限公司","臺北市中山區松江路363號12樓","10000000","10000000"," ","1140327","臺北市中山區行政里松江路３６３號１２樓","429011,433117,,","26-MAR-26","","","","",""
"60719261","中鐿實業有限公司","臺北市中正區臨沂街3巷11號1樓","1000000"," "," ","1140422","臺北市中正區臨沂街３巷１１號１樓","461515,461999,410099,","26-MAR-26","","","","",""
"60741432","朗逸工程有限公司","臺北市大安區和平東路1段6號11樓","1000000"," "," ","1140317","臺北市大安區古莊里和平東路１段６號１１樓","740100,434011,,","26-MAR-26","","","","",""
"60746339","天辰興業有限公司","臺北市大安區信義路4段380號3樓","1000000"," "," ","1140331","臺北市大安區通化里信義路４段３８０號３樓","461999,381111,,","26-MAR-26","","","","",""
"60768353","奉天再造股份有限公司","臺北市文山區保儀路109巷1弄2號1樓","100000000","9000000"," ","1140528","臺北市文山區保儀路１０９巷１弄２號１樓","670012,,,","26-MAR-26","","","","",""
"60777043","界庭有限公司","臺北市大安區臥龍街188巷21號1樓","300000"," "," ","1140324","臺北市大安區黎元里臥龍街１８８巷２１號１樓","469912,,,","26-MAR-26","","","","",""
"60787936","軒曼工程有限公司","臺北市大安區敦化南路1段205號2樓之8","500000"," "," ","1140410","臺北市大安區建安里敦化南路１段２０５號２樓之８","429099,,,","26-MAR-26","","","","",""
"60788294","極光映像空間設計有限公司","臺北市大安區忠孝東路4段220號13樓","50000"," "," ","1140410","臺北市大安區車層里忠孝東路四段２２０號１３樓","740100,,,","26-MAR-26","","","","",""
"60796647","臺灣藍鵲環境服務股份有限公司","臺北市信義區基隆路1段333號32樓","100000","100000"," ","1140512","臺北市信義區基隆路１段３３３號３２樓","382199,381299,381199,383099","26-MAR-26","","","","",""
"65678291","旭曜國際實業股份有限公司","臺北市中正區愛國東路22號6樓","5000000","5000000"," ","1050926","臺北市中正區新營里愛國東路２２號６樓","281099,284299,760999,","26-MAR-26","","","","",""
"66591857","富苑室內裝修有限公司","臺北市大安區復興南路2段237號13樓","3000000"," "," ","1060516","臺北市大安區群賢里復興南路２段２３７號１３樓","434015,433115,,","26-MAR-26","","","","",""
"66619980","啟興企業股份有限公司","臺北市南港區興南街64巷26弄6號4樓","35000000","35000000"," ","1060622","臺北市南港區東新里興南街６４巷２６弄６號４樓","381111,382111,370000,","26-MAR-26","","","","",""
"68842606","新祥記工程股份有限公司","臺北市大安區安和路1段90巷1號","170000000","170000000"," ","0501030","臺北市大安區敦安里安和路１段９０巷１號","410099,233100,233300,","26-MAR-26","","","","",""
"69252402","寶盈開發工程有限公司","臺北市中正區開封街1段66號5樓","500000"," "," ","1070116","臺北市中正區光復里開封街１段６６號５樓","434011,,,","26-MAR-26","","","","",""
"69425185","經丞營造有限公司","臺北市中正區羅斯福路3段100之93號","10200000"," "," ","1070411","臺北市中正區頂東里羅斯福路３段１００─９３號","433212,434011,429099,410099","26-MAR-26","","","","",""
"69693457","紘績有限公司","臺北市中山區錦州街46號12樓之3","1000000"," "," ","1060807","臺北市中山區聚盛里錦州街４６號１２樓之３","429099,433111,439014,433212","26-MAR-26","","","","",""
"70365636","新境實業股份有限公司","臺北市中正區鎮江街3號2樓","50000000","50000000"," ","0880526","臺北市中正區鎮江街３號２樓","432000,711211,381111,340099","26-MAR-26","","","","",""
"70386766","磬鴻有限公司","臺北市北投區裕民六路120號4樓","40000000"," "," ","0880730","臺北市北投區裕民里裕民六路１２０號４樓","382112,,,","26-MAR-26","","","","",""
"70435794","福爾摩莎國際貴金屬有限公司","臺北市中正區忠孝西路1段72號7樓之9","3000000"," "," ","0880910","臺北市中正區黎明里忠孝西路１段７２號７樓之９","451099,464320,456611,","26-MAR-26","","","","",""
"70460195","得富事業股份有限公司","臺北市松山區光復北路199之1號","5000000","5000000"," ","0881209","臺北市松山區光復北路１９９之１號","813000,434012,434014,432000","26-MAR-26","","","","",""
"70512264","中台油實業股份有限公司","臺北市士林區中山北路6段214號2樓","5000000","5000000"," ","0890522","臺北市士林區蘭雅里中山北路６段２１４號２樓","463113,451099,,","26-MAR-26","","","","",""
"70546428","永勝總業有限公司","臺北市萬華區莒光路322巷5號","5000000"," "," ","0890410","臺北市萬華區雙園里莒光路３２２巷５號","451099,,,","26-MAR-26","","","","",""
"70550793","逢象資訊股份有限公司","臺北市北投區天母西路132之5號","13000000","13000000"," ","0890421","臺北市北投區榮華里天母西路１３２─５號","631299,471999,461111,","26-MAR-26","","","","",""
"70553010","品安生命股份有限公司","臺北市信義區基隆路2段189號14樓之2","30000000","30000000"," ","0890426","臺北市信義區黎順里基隆路二段１８９號１４樓之２","963015,485212,889900,","26-MAR-26","","","","",""
"70571164","駿逸工程股份有限公司","臺北市中山區新生北路3段26號4樓之1","100000000","100000000"," ","0890614","臺北市中山區恆安里新生北路３段２６號４樓之１","252100,252299,233300,233200","26-MAR-26","","","","",""
"70572425","達宸工程實業股份有限公司","臺北市大同區延平北路4段235巷3號","200000000","10000000"," ","0890619","臺北市大同區老師里延平北路四段２３５巷３號","011799,432000,434011,431014","26-MAR-26","","","","",""
"70683484","舜宏企業有限公司","臺北市信義區基隆路1段155號5樓之7","15000000"," "," ","0881228","臺北市信義區興雅里基隆路１段１５５號５樓之７","481014,434013,434012,410099","26-MAR-26","","","","",""
"70699176","安固消防設備工程有限公司","臺北市中正區新生南路1段50號6樓","5000000"," "," ","0890128","臺北市中正區新生南路１段５０號６樓６００室","433212,433115,670012,451099","26-MAR-26","","","","",""
"79378963","定城營造股份有限公司","臺北市中山區建國北路1段96號10樓","29800000","29800000"," ","0610605","臺北市中山區朱園里建國北路１段９６號１０樓","410013,410099,,","26-MAR-26","","","","",""
"80113940","昇意工程有限公司","臺北市大安區忠孝東路4段148號8樓之5","5000000"," "," ","0920103","臺北市大安區建倫里忠孝東路４段１４８號８樓之５","439099,464999,,","26-MAR-26","","","","",""
"80127228","環圓室內裝修設計股份有限公司","臺北市中山區松江路293之1005號10樓","10000000","10000000"," ","0920123","臺北市中山區松江里松江路２９３之１００５號１０樓","434015,,,","26-MAR-26","","","","",""
"80160507","欣漢營造有限公司","臺北市大安區羅斯福路3段325號8樓之8","8000000"," "," ","0920212","臺北市大安區大學里羅斯福路３段３２５號８樓之８","410099,,,","26-MAR-26","","","","",""
"80173088","亞太土石資源有限公司","臺北市北投區中央北路1段193號3樓之1","5000000"," "," ","0920324","臺北市北投區大同里中央北路１段１９３號３樓之１","060099,461214,382112,","26-MAR-26","","","","",""
"80177303","利河伯國際有限公司","臺北市大同區延平北路2段83號18樓之2","1000000"," "," ","0920403","臺北市大同區朝陽里延平北路２段８３號１８樓之２","457299,475299,487199,","26-MAR-26","","","","",""
"80204385","文祥工程有限公司","臺北市中山區林森北路131號6樓之1","1000000"," "," ","0920619","臺北市中山區正義里林森北路１３１號６樓之１","370000,382112,433111,382111","26-MAR-26","","","","",""
"80263124","元基國際開發有限公司","臺北市松山區健康路208號1樓","180000000"," "," ","0910807","臺北市松山區東光里健康路２０８號１樓","461214,649911,451099,681112","26-MAR-26","","","","",""
"80274537","遠碩企業有限公司","臺北市中山區吉林路461巷27號1樓","1000000"," "," ","0910910","臺北市中山區新喜里吉林路４６１巷２７號１樓","383099,382112,462099,","26-MAR-26","","","","",""
"80277534","中國興業股份有限公司","臺北市中山區南京東路3段101號4樓","11000000","11000000"," ","0910919","臺北市中山區復華里南京東路３段１０１號４樓","340015,481014,474199,451099","26-MAR-26","","","","SEAHORSE,大通力,DAYTONA,","2024-11-27"
"80282889","大汗科技工程股份有限公司","臺北市中山區長安東路2段199號11樓之1","5000000","5000000"," ","0911002","臺北市中山區長安東路２段１９９號１１樓之１","433111,464211,433113,464918","26-MAR-26","","","","",""
"80289102","弘潤發企業有限公司","臺北市內湖區東湖路113巷95弄65號2樓","5000000"," "," ","0911024","臺北市內湖區安湖里東湖路１１３巷９５弄６５號２樓","432000,434011,422099,","26-MAR-26","","","","",""
"80297763","大宗國際開發股份有限公司","臺北市中山區民生東路3段28號7樓","5000000","5000000"," ","0911120","臺北市中山區朱馥里民生東路３段２８號７樓","702099,032111,454399,","26-MAR-26","","","","",""
"80303701","浤欣有限公司","臺北市大安區忠孝東路4段221號12樓","5000000"," "," ","0911206","臺北市大安區建安里忠孝東路４段２２１號１２樓","461999,381111,381113,381199","26-MAR-26","","","","",""
"80406684","中華安清國際開發有限公司","臺北市中山區松江路18號3樓之2","10000000"," "," ","0920528","臺北市中山區興亞里松江路１８號３樓之２","464913,681111,461517,","26-MAR-26","","","","",""
"80496159","東虹環境資源股份有限公司","臺北市松山區光復南路1號11樓","2500000","2500000"," ","0920711","臺北市松山區復盛里光復南路１號１１樓","410015,451099,812911,","26-MAR-26","","","","",""
"80510053","山豐開發有限公司","臺北市內湖區金龍路211號5樓","10000000"," "," ","0920819","臺北市內湖區金瑞里金龍路２１１號５樓","060099,429011,461214,","26-MAR-26","","","","",""
"80532079","拓真開發有限公司","臺北市中山區敬業一路162號3樓","5000000"," "," ","0921021","臺北市中山區成功里敬業一路１６２號３樓","431014,429011,382112,060099","26-MAR-26","","","","",""
"80538192","台灣博科企業有限公司","臺北市中山區中山北路3段27號11樓","21500000"," "," ","0921106","臺北市中山區晴光里中山北路３段２７號１１樓","456700,,,","26-MAR-26","","","","VX,","2024-11-27"
"80674745","昊廷工程有限公司","臺北市大同區甘谷街26號5樓","60000000"," "," ","0930223","臺北市大同區永樂里甘谷街２６號５樓","383099,381111,382111,461999","26-MAR-26","","","","",""
"80697178","宏國開發工程股份有限公司","臺北市士林區社中街330號1樓","50000000","12500000"," ","0930414","臺北市士林區永倫里社中街３３０號１樓","461214,382200,431014,","26-MAR-26","","","","",""
"80713971","元鑫工程有限公司","臺北市中山區吉林路461巷27號1樓","10000000"," "," ","0930301","臺北市中山區新喜里吉林路４６１巷２７號１樓","382111,060099,461999,","26-MAR-26","","","","",""
"80734096","合鑫宜企業有限公司","臺北市中山區吉林路461巷27號1樓","3000000"," "," ","0930323","臺北市中山區新喜里吉林路４６１巷２７號１樓","670012,681111,,","26-MAR-26","","","","",""
"82810979","崇華資產管理顧問有限公司","臺北市大同區南京西路163號2樓之14","10000000"," "," ","1080326","臺北市大同區朝陽里南京西路１６３號２樓之１４","670012,,,","26-MAR-26","","","","",""
"82815192","茂陞營造有限公司","臺北市內湖區潭美街590號5樓","12000000"," "," ","1080325","臺北市內湖區潭美街５９０號５樓","439099,,,","26-MAR-26","","","","",""
"82855905","逵安工程有限公司","臺北市大安區金山南路2段10巷15號1樓","500000"," "," ","1080422","臺北市大安區光明里金山南路２段１０巷１５號１樓","429099,434015,,","26-MAR-26","","","","",""
"82871291","永遠金屬有限公司","臺北市中正區忠孝東路1段76號9樓之1","180000"," "," ","1080513","臺北市中正區幸福里忠孝東路１段７６號９樓之１","485216,,,","26-MAR-26","","","","",""
"82874136","基磊營造股份有限公司","臺北市大安區忠孝東路4段148號10樓之10","25000000","25000000"," ","1080521","臺北市大安區建倫里忠孝東路４段１４８號１０樓之１０","410013,,,","26-MAR-26","","","","",""
"82886415","用力股份有限公司","臺北市中山區中山北路1段5巷73弄4號","1588980","1588980"," ","1080527","臺北市中山區正得里中山北路１段５巷７３弄４號","702012,476299,,","26-MAR-26","","","","",""
"82912785","金豐聿工程有限公司","臺北市中山區中山北路3段26號8樓","500000"," "," ","1080621","臺北市中山區集英里中山北路３段２６號８樓","439099,,,","26-MAR-26","","","","",""
"82950871","浙臺商貿國際有限公司","臺北市萬華區艋舺大道386巷1號4樓","1000000"," "," ","1080716","臺北市萬華區和平里艋舺大道３８６巷１號４樓","454512,,,","26-MAR-26","","","","",""
"82967649","竑晟工程有限公司","臺北市中正區忠孝東路1段76號12樓之1","500000"," "," ","1080724","臺北市中正區幸福里忠孝東路１段７６號１２樓之１","432000,,,","26-MAR-26","","","","",""
"83011670","全泰綠能環保股份有限公司","臺北市信義區信義路5段109號3樓之9","1000000","1000000"," ","1120317","臺北市信義區安康里信義路五段１０９號３樓之９","469199,353011,760999,383099","26-MAR-26","","","","",""
"83031774","沐沐農林科技股份有限公司","臺北市大安區信義路3段7號地下二層","1010000","1010000"," ","1120328","臺北市大安區民炤里信義路３段７號地下二層","011500,,,","26-MAR-26","","","","",""
"83056042","松發國際實業股份有限公司","臺北市大同區西寧北路37號2樓","9000000","9000000"," ","1091029","臺北市大同區永樂里西寧北路３７號２樓","239999,233300,382112,383099","26-MAR-26","","","","",""
"83090386","博盈亞太有限公司","臺北市大安區信義路4段256號12樓之1","1000000"," "," ","1091020","臺北市大安區通安里信義路４段２５６號１２樓之１","383099,451099,,","26-MAR-26","","","","",""
"83106768","星緯銀有限公司","臺北市萬華區廣州街32號7樓","200000"," "," ","1090807","臺北市萬華區富福里廣州街３２號７樓","620900,,,","26-MAR-26","","","","INTROWELL PH,ICEBERG BOTTOM WATER,冰山底層水鹼性水,INTROWELL TRACELALLI,微量元素鹼性液,","2024-11-27"
"83184047","永御開發實業有限公司","臺北市中山區南京東路1段92號7樓","2000000"," "," ","1090824","臺北市中山區正義里南京東路１段９２號７樓","681112,670012,,","26-MAR-26","","","","",""
"83224385","保寶資產開發股份有限公司","臺北市中山區民生東路3段36號4樓之8","20000000","20000000"," ","1091120","臺北市中山區朱馥里民生東路３段３６號４樓之８","681111,,,","26-MAR-26","","","","",""
"83269328","皇郡建設股份有限公司","臺北市大安區信義路3段39號11樓","300000000","300000000"," ","1100129","臺北市大安區民炤里信義路３段３９號１１樓","681111,,,","26-MAR-26","","","","",""
"83280479","俊曜建材有限公司","臺北市大同區哈密街59巷73弄27號1樓","3000000"," "," ","1091110","臺北市大同區重慶里哈密街５９巷７３弄２７號１樓","485112,461999,461214,481014","26-MAR-26","","","","",""
"83377467","鉅寰能源科技股份有限公司","臺北市大同區華陰街79號7樓","100000000","5050000"," ","1100119","臺北市大同區建明里華陰街７９號７樓","293999,,,","26-MAR-26","","","","",""
"83377522","璟能能源科技股份有限公司","臺北市大同區華陰街79號7樓","100000000","10050000"," ","1100119","臺北市大同區建明里華陰街７９號７樓","293999,,,","26-MAR-26","","","","",""
"83383398","中鏞實業股份有限公司","臺北市中山區南京西路1之1號10樓","6000000","6000000"," ","1100122","臺北市中山區民安里南京西路１之１號１０樓","469112,451099,,","26-MAR-26","","","","",""
"83409658","鵬晟實業股份有限公司","臺北市北投區尊賢街226號1樓","5000000","5000000"," ","1091211","臺北市北投區尊賢街２２６號１樓","433111,461599,,","26-MAR-26","","","","",""
"83463792","燦宏公寓大廈管理維護股份有限公司","臺北市內湖區民權東路6段210巷43號3樓","10000000","10000000"," ","1081231","臺北市內湖區寶湖里民權東路６段２１０巷４３號３樓","811000,,,","26-MAR-26","","","","",""
"83529416","豐本工程有限公司","臺北市中山區錦州街46號9樓之5","3600000"," "," ","1081211","臺北市中山區聚盛里錦州街４６號９樓之５","429099,410013,410099,421000","26-MAR-26","","","","",""
"83549948","十方資源科技股份有限公司","臺北市大安區忠孝東路3段96號8樓","20000000","20000000"," ","1090309","臺北市大安區民輝里忠孝東路３段９６號８樓","760911,,,","26-MAR-26","","","","",""
"83574615","昌德實業有限公司","臺北市中山區南京東路1段25號10樓之3","480000"," "," ","1090219","臺北市中山區康樂里南京東路１段２５號１０樓之３","434011,433111,461999,464211","26-MAR-26","","","","",""
"83612300","胡氏建材有限公司","臺北市北投區中央北路3段40巷19弄11號2樓之1","8800000"," "," ","1090421","臺北市北投區桃源里中央北路三段４０巷１９弄１１號２樓之１","469925,461514,465311,","26-MAR-26","","","","",""
"83618141","冠瑞國際實業有限公司","臺北市萬華區康定路229號8樓","3000000"," "," ","1090504","臺北市萬華區福音里康定路２２９號８樓","487199,474311,,","26-MAR-26","","","","",""
"83700140","威震開發有限公司","臺北市大同區南京西路163號2樓之81","5000000"," "," ","1090624","臺北市大同區朝陽里南京西路１６３號２樓之８１","670011,670012,,","26-MAR-26","","","","",""
"83725509","璇甫顧問有限公司","臺北市萬華區貴陽街2段51號9樓之5","3600000"," "," ","1090429","臺北市萬華區新起里貴陽街二段５１號九樓之５","410099,429099,,","26-MAR-26","","","","",""
"83745630","大躍離岸運維股份有限公司","臺北市中山區民生東路3段10號7樓","30000000","30000000"," ","1090527","臺北市中山區朱馥里民生東路３段１０號７樓","451099,760999,433199,464999","26-MAR-26","","","","",""
"83757327","弘豐科技檢驗股份有限公司","臺北市中山區民權東路2段46號8樓之1"," ","10000000"," ","1090520","臺北市中山區新生里民權東路２段４６號８樓之１","469925,464914,712100,","26-MAR-26","","","","",""
"83764256","玉明國際貿易股份有限公司","臺北市大安區忠孝東路3段305號6樓之1","12000000","12000000"," ","1090603","臺北市大安區誠安里忠孝東路３段３０５號６樓之１","381111,382111,,","26-MAR-26","","","","",""
"83783845","海天國際開發股份有限公司","臺北市中山區松江路185號14樓","660000","660000"," ","1090413","臺北市中山區中央里松江路１８５號１１樓之１","060099,050011,,","26-MAR-26","","","","",""
"84080415","擇興起重工程有限公司","臺北市內湖區內湖路1段91巷102弄16號1樓","8000000"," "," ","0811208","臺北市內湖區西安里內湖路１段９１巷１０２弄１６號","524999,,,","26-MAR-26","","","","",""
"84235656","昀營企業有限公司","臺北市士林區中山北路6段419巷11號5樓","1000000"," "," ","0820412","臺北市士林區天壽里中山北路６段４１９巷１１號５樓","461214,433212,,","26-MAR-26","","","","",""
"84255929","如意交通企業股份有限公司","臺北市士林區通河東街2段10巷8號1樓","25000000","25000000"," ","0820517","臺北市士林區後港里通河東街２段１０巷８號１樓","494099,382111,060099,","26-MAR-26","","","","",""
"84369850","榮朋工程有限公司","臺北市大安區安居街8巷16號2樓","32500000"," "," ","0820520","臺北市大安區黎孝里安居街８巷１６號２樓","060014,485216,439014,439099","26-MAR-26","","","","",""
"84445956","釗宏交通有限公司","臺北市松山區八德路3段75號7樓","27000000"," "," ","0820722","臺北市松山區美仁里八德路３段７５號７樓","381111,,,","26-MAR-26","","","","",""
"84461293","夆汶建設股份有限公司","臺北市信義區信義路6段56號7樓","25000000","25000000"," ","0820904","臺北市信義區信義路６段５６號７樓","434011,681112,,","26-MAR-26","","","","",""
"84471139","創意工程股份有限公司","臺北市大安區信義路3段164之3號2樓","28500000","28500000"," ","0821005","臺北市大安區龍圖里信義路３段１６４－３號２樓","410011,,,","26-MAR-26","","","","",""
"84471264","北門全球科技股份有限公司","臺北市大安區信義路3段41號5樓","55000000","29000000"," ","0821006","臺北市大安區民炤里信義路３段４１號５樓","610112,,,","26-MAR-26","","","","",""
"84754621","開富建設開發股份有限公司","臺北市內湖區康樂街186巷24號1樓","25000000","25000000"," ","0830221","臺北市內湖區內溝里康樂街１８６巷２４號","461214,681111,,","26-MAR-26","","","","",""
"84775962","中國開發股份有限公司","臺北市松山區光復南路13巷41號1樓","56000000","56000000"," ","0830427","臺北市松山區光復南路１３巷４１號１樓","581111,681112,011999,","26-MAR-26","","","","中國晚報,","2024-11-27"
"84846930","廣鼎營造股份有限公司","臺北市中山區松江路369號8樓","45000000","45000000"," ","0830426","臺北市中山區行政里松江路３６９號８樓","429099,,,","26-MAR-26","","","","",""
"84912826","新頤順工程有限公司","臺北市萬華區萬青街121號","10000000"," "," ","0830630","新北市新店區信義里寶元路１段７４巷７號","451099,434011,433111,461513","26-MAR-26","","","","",""
"84928854","龍力企業有限公司","臺北市松山區八德路4段678號8樓之5","3000000"," "," ","0830810","臺北市松山區八德路４段６７８號８樓之５","681112,469925,461999,060099","26-MAR-26","","","","",""
"84933548","厚望實業有限公司","臺北市北投區中正街85號","3000000"," "," ","0830819","臺北市北投區中央里中正街８５號","382112,711112,381111,","26-MAR-26","","","","",""
"84947873","坤益營造工程有限公司","臺北市內湖區康樂街116號4樓之3","8000000"," "," ","0830930","臺北市內湖區樂康里康樂街１１６號４樓之３","439099,760911,390099,429099","26-MAR-26","","","","",""
"84996418","峻珈營造有限公司","臺北市中正區忠孝東路2段130號9樓之7","7500000"," "," ","0830707","臺北市中正區幸市里忠孝東路２段１３０號９樓之７","410013,410099,421000,429099","26-MAR-26","","","","",""
"85025208","正清環保有限公司","臺北市內湖區新明路498巷6弄4號3樓","1000000"," "," ","1080925","臺北市內湖區行善里新明路４９８巷６弄４號３樓","381111,382111,383099,381114","26-MAR-26","","","","",""
"85099019","拓樂有限公司","臺北市松山區光復北路26巷3號7樓","20000000"," "," ","1080917","臺北市松山區復勢里光復北路２６巷３號７樓","050012,060014,060099,","26-MAR-26","","","","",""
"85116782","鍇翔能源科技股份有限公司","臺北市大同區華陰街79號7樓","100000000","5150000"," ","1081105","臺北市大同區建明里華陰街７９號７樓","281099,451099,,","26-MAR-26","","","","",""
"86320158","鴻青股份有限公司","臺北市大安區仁愛路4段122巷61號5樓之2","29000000","29000000"," ","0801216","臺北市大安區敦安里仁愛路４段１２２巷６１號５樓之２","410099,,,","26-MAR-26","","","","",""
"86575378","亞鉅營造股份有限公司","臺北市松山區南京東路4段77號3樓","200000000","200000000"," ","0810303","臺北市松山區東勢里南京東路４段７７號３樓","431021,429011,060099,","26-MAR-26","","","","",""
"86731981","文程興業股份有限公司","臺北市大安區敦化南路1段205號13樓之8","25000000","25000000"," ","0810703","臺北市大安區建安里敦化南路１段２０５號１３樓之８","681112,464111,,","26-MAR-26","","","","",""
"86748553","春福農牧事業股份有限公司","臺北市中正區濟南路2段31之47號","13000000","13000000"," ","0810609","臺北市中正區幸福里濟南路２段３１─４７號","013014,432000,234099,","26-MAR-26","","","","",""
"86870033","巧工興業有限公司","臺北市大安區延吉街68號之20，1樓","5000000"," "," ","0810918","臺北市大安區延吉街６８－２０號１樓","461515,,,","26-MAR-26","","","","",""
"88146803","龍城營造股份有限公司","臺北市信義區松德路171號16樓之2","255000000","255000000"," ","0550331","臺北市信義區安康里松德路１７１號１６樓之２","410013,410099,,","26-MAR-26","","","","",""
"89150092","基捷工程有限公司","臺北市中山區新生北路2段31之1號9樓之7","2000000"," "," ","1111111","臺北市中山區中原里新生北路２段３１─１號９樓之７","433212,433117,434011,","26-MAR-26","","","","",""
"89183164","鑫富泉有限公司","臺北市中山區錦州街159號2樓之5","50000"," "," ","1111118","臺北市中山區錦州街１５９號２樓之５","471915,481013,485111,681112","26-MAR-26","","","","",""
"89211318","清誠營造股份有限公司","臺北市中正區仁愛路2段6之1號","27500000","27500000"," ","0830722","臺北市中正區文北里仁愛路２段６－１號","429099,060014,461214,","26-MAR-26","","","","",""
"89227830","大信開發事業股份有限公司","臺北市內湖區康樂街72巷17弄5號","25000000","25000000"," ","0830803","臺北市內湖區東湖里康樂街７２巷１７弄５號","670012,,,","26-MAR-26","","","","",""
"89321602","豐鼎光波奈米科技股份有限公司","臺北市中山區林森北路554號5樓","500000000","335043550"," ","0840208","臺北市中山區恆安里林森北路５５４號５樓","281099,234099,461311,432000","26-MAR-26","1819","14","2026-03-25 00:00:00.0","AVSAR,SUNNYWIN,","2024-11-27"
"89479336","翁一生技開發有限公司","臺北市中正區忠孝西路1段72號7樓之6","20000000"," "," ","0840706","臺北市中正區黎明里忠孝西路１段７２號７樓之６","451099,969011,457299,","26-MAR-26","","","","翁一,ABA,","2024-11-27"
"89546932","彩城營造有限公司","臺北市信義區永吉路181號6樓之1","78000000"," "," ","0840609","臺北市信義區五常里５鄰永吉路１８１號６樓之１","429099,410099,,","26-MAR-26","","","","",""
"89607901","安格斯實業股份有限公司","臺北市松山區八德路3段129號3樓","5000000","5000000"," ","0840916","臺北市松山區復勢里八德路３段１２９號３樓","456612,451099,,","26-MAR-26","","","","",""
"89948133","新陽工程顧問股份有限公司","臺北市中正區鎮江街3號2樓","20000000","20000000"," ","0831209","臺北市中正區鎮江街３號２樓","712100,461214,711299,","26-MAR-26","","","","",""
"89964724","英暉機械工程有限公司","臺北市文山區興隆路2段220巷47號1樓","2000000"," "," ","0840125","臺北市文山區興業里興隆路二段２２０巷４７號１樓","432000,469925,439014,461599","26-MAR-26","","","","",""
"90023139","周邑建設事業股份有限公司","臺北市中正區懷寧街92號3樓","1000000","1000000"," ","1111003","臺北市中正區黎明里懷寧街９２號３樓","434011,439099,,","26-MAR-26","","","","",""
"90071960","冠通有限公司","臺北市中正區衡陽路108號12樓之6","300000"," "," ","1111021","臺北市中正區建國里衡陽路１０８號１２樓之６","812100,,,","26-MAR-26","","","","",""
"90098047","美的智能股份有限公司","臺北市中山區樂群二路93號2樓之3","600000000","50000000"," ","1110919","臺北市中山區成功里樂群二路９３號２樓之３","351000,,,","26-MAR-26","","","","",""
"90138575","福寬瑞德有限公司","臺北市大安區忠孝東路4段222號3樓","1000000"," "," ","1110315","臺北市大安區車層里忠孝東路４段２２２號３樓","456199,,,","26-MAR-26","","","","",""
"90146081","鼎洋海事工程有限公司","臺北市中正區羅斯福路3段284巷8號1樓","1000000"," "," ","1110317","臺北市中正區羅斯福路３段２８４巷８號１樓","429011,433199,,","26-MAR-26","","","","",""
"90156088","峰鈦實業有限公司","臺北市中山區敬業一路38號4樓之5","2500000"," "," ","1110401","臺北市中山區成功里敬業一路３８號４樓之５","462017,462099,,","26-MAR-26","","","","",""
"90156398","二伍發土石方資源處理有限公司","臺北市大安區忠孝東路4段169號12樓之1","5000000"," "," ","1110406","臺北市大安區建安里忠孝東路四段１６９號１２樓之１","381113,,,","26-MAR-26","","","","",""
"90161532","創價長盈國際有限公司","臺北市中正區忠孝西路1段72號7樓之8","3680000"," "," ","1110517","臺北市中正區黎明里忠孝西路１段７２號７樓之８","452000,456999,,","26-MAR-26","","","","",""
"90256827","雋鑫金屬材料股份有限公司","臺北市中山區南京東路2段72號8樓","20000000","20000000"," ","1110412","臺北市中山區興亞里南京東路２段７２號８樓","060016,469916,,","26-MAR-26","","","","",""
"90258557","綠的新創控股事業股份有限公司","臺北市文山區指南路1段41號5樓之1","120000000","31000000"," ","1110513","臺北市文山區木新里指南路１段４１號５樓之１","760911,,,","26-MAR-26","","","","",""
"90277956","賦祥有限公司","臺北市內湖區康樂街72巷17弄5號1樓","1000000"," "," ","1110804","臺北市內湖區東湖里康樂街７２巷１７弄５號１樓","456611,456612,,","26-MAR-26","","","","",""
"90306066","御天國際能源股份有限公司","臺北市士林區至誠路1段82號1樓","7200000","7200000"," ","1110607","臺北市士林區岩山里至誠路１段８２號１樓","381111,812911,281099,433117","26-MAR-26","","","","",""
"90349179","六藝投資有限公司","臺北市士林區中山北路5段689號4樓","10000000"," "," ","1110713","臺北市士林區舊佳里中山北路５段６８９號４樓","670011,670012,681111,681112","26-MAR-26","","","","",""
"90349332","迪斯工程有限公司","臺北市中山區長安東路1段16號8樓之5","1000000"," "," ","1110714","臺北市中山區長安東路１段１６號８樓之５","456700,782000,439014,340012","26-MAR-26","","","","",""
"90367056","鑫貿矽有限公司","臺北市北投區知行路316巷22弄8號1樓","500000"," "," ","1110721","臺北市北投區關渡里知行路３１６巷２２弄８號１樓","469916,464319,,","26-MAR-26","","","","",""
"90370714","開祥工程有限公司","臺北市大同區迪化街2段172巷20號","300000"," "," ","1110531","臺北市大同區迪化街２段１７２巷２０號","434011,,,","26-MAR-26","","","","",""
"90374562","乾大有限公司","臺北市大安區羅斯福路3段29號6樓","1000000"," "," ","1110725","臺北市大安區古莊里羅斯福路３段２９號６樓","620112,952100,,","26-MAR-26","","","","",""
"90374922","界宿有限公司","臺北市大安區臥龍街188巷35號1樓","200000"," "," ","1110726","臺北市大安區黎元里臥龍街１８８巷３５號１樓","485212,,,","26-MAR-26","","","","",""
"90386315","森崎有限公司","臺北市萬華區貴陽街2段51號3樓","3000000"," "," ","1110829","臺北市萬華區新起里貴陽街２段５１號３樓","458399,464111,,","26-MAR-26","","","","",""
"90448229","京隆工程企業有限公司","臺北市中正區漢口街1段85號6樓之6","5000000"," "," ","1101112","臺北市中正區光復里漢口街１段８５號６樓之６","060099,,,","26-MAR-26","","","","",""
"90469791","三承國際設計室內裝修有限公司","臺北市中正區仁愛路2段25號5樓","501000"," "," ","1100910","臺北市中正區文北里仁愛路２段２５號５樓","060099,429011,433115,434011","26-MAR-26","","","","",""
"90474339","平安營造股份有限公司","臺北市信義區松德路12號3樓","10000000","10000000"," ","1101117","臺北市信義區廣居里松德路１２號３樓","434013,461999,,","26-MAR-26","","","","",""
"90474387","太暉營造股份有限公司","臺北市中山區新生北路1段51號3樓","300000000","286000000"," ","0801008","臺北市中山區興亞里新生北路１段５１號３樓","439099,434011,434012,","26-MAR-26","","","","",""
"90475668","知臨股份有限公司","臺北市信義區松高路9號27樓","2000000","2000000"," ","1101124","臺北市信義區興雅里松高路９號２７樓","381113,,,","26-MAR-26","","","","",""
"90491766","致羽工程顧問有限公司","臺北市信義區松德路25巷30號","1500000"," "," ","1100820","臺北市信義區松德路２５巷３０號","711212,,,","26-MAR-26","","","","",""
"90493413","宇成探勘工程有限公司","臺北市文山區木新路3段127巷12弄5號1樓","500000"," "," ","1100825","臺北市文山區樟腳里木新路三段１２７巷１２弄５號１樓","060014,,,","26-MAR-26","","","","",""
"90516458","龍辰勳有限公司","臺北市信義區忠孝東路5段1之2號5樓","3000000"," "," ","1101012","臺北市信義區忠孝東路５段１之２號５樓","461599,381113,431014,","26-MAR-26","","","","",""
"90517317","密拉崗國際事業有限公司","臺北市中山區復興北路342號4樓之1","5000000"," "," ","1101014","臺北市中山區江山里復興北路３４２號４樓之１","702099,740999,782000,903019","26-MAR-26","","","","",""
"90580177","友麗工程有限公司","臺北市大安區安和路1段11號4樓","1000000"," "," ","1110118","臺北市大安區建倫里安和路１段１１號４樓","434011,,,","26-MAR-26","","","","",""
"90584429","樂亞生育光波股份有限公司","臺北市中山區中山北路2段65巷3號","300000","300000"," ","1101220","臺北市中山區中山里中山北路２段６５巷３號","454999,456999,472914,474999","26-MAR-26","","","","光波能量,","2024-11-27"
"90588142","帝岳寶國際股份有限公司","臺北市松山區南京東路4段1號4樓","12000000","12000000"," ","1110121","臺北市松山區中華里南京東路４段１號４樓","456611,456613,,","26-MAR-26","","","","CARAT WANG HAUTE JEWELLERY,","2024-11-27"
"90595559","翰駿營造有限公司","臺北市大安區復興南路1段243號6樓之1","5000000"," "," ","1110128","臺北市大安區仁慈里復興南路１段２４３號６樓之１","429011,410099,,","26-MAR-26","","","","",""
"90669236","勁芸有限公司","臺北市北投區尊賢街226號1樓","2500000"," "," ","1110127","臺北市北投區尊賢街２２６號１樓","434011,740100,670012,","26-MAR-26","","","","",""
"90673371","新顥循環系統股份有限公司","臺北市松山區南京東路5段202號4樓之5","300000000","100000000"," ","1000719","臺北市松山區南京東路５段２０２號４樓之５","087000,455214,455215,464299","26-MAR-26","","","","",""
"90690272","圓熹國際股份有限公司","臺北市大同區承德路1段17號9樓","15000000","15000000"," ","1100330","臺北市大同區建明里承德路１段１７號９樓","702099,591113,712999,474114","26-MAR-26","","","","",""
"90699506","紀翔工程有限公司","臺北市大同區南京西路163號2樓之97","3000000"," "," ","1100209","臺北市大同區朝陽里南京西路１６３號２樓之９７","060099,431020,410099,439014","26-MAR-26","","","","",""
"90764180","天晴空間營造有限公司","臺北市中山區中山北路2段59巷21號8樓之5","7500000"," "," ","1100519","臺北市中山區中山里中山北路２段５９巷２１號８樓之５","429099,431015,711299,","26-MAR-26","","","","",""
"90828608","佳新開發工程有限公司","臺北市內湖區潭美街590號5樓","2000000"," "," ","1100315","臺北市內湖區蘆洲里潭美街５９０號５樓","439099,,,","26-MAR-26","","","","",""
"90833362","昊運興業有限公司","臺北市中正區羅斯福路3段100號3樓之9","1000000"," "," ","1100427","臺北市中正區頂東里羅斯福路３段１００號３樓之９","461400,457299,,","26-MAR-26","","","","昊運興業,HAO YUN XINGYE,","2024-11-27"
"90837472","軒宸開發有限公司","臺北市文山區興隆路2段220巷47號1樓","5000000"," "," ","1100322","臺北市文山區興業里興隆路二段２２０巷４７號１樓","813000,020099,439014,458112","26-MAR-26","","","","",""
"90851419","連達工程有限公司","臺北市大安區忠孝東路4段71之6號","300000"," "," ","1100401","臺北市大安區光武里忠孝東路４段７１─６號","140200,,,","26-MAR-26","","","","",""
"90869419","滙源營造股份有限公司","臺北市中山區松江路139號3樓","200000000","112500000"," ","1100427","臺北市中山區中央里松江路１３９號３樓","439099,429011,060014,434015","26-MAR-26","","","","",""
"90878698","新埔工程有限公司","臺北市士林區重慶北路4段251號5樓","5000000"," "," ","1100303","臺北市士林區葫東里重慶北路４段２５１號５樓","433111,434013,433900,","26-MAR-26","","","","",""
"90881173","得禾實業股份有限公司","臺北市大同區民權西路172號1樓","5000000","5000000"," ","1100203","臺北市大同區民權西路１７２號１樓","670012,782000,381113,","26-MAR-26","","","","",""
"91023811","元章有限公司","臺北市信義區信義路5段150巷16號4樓","5000000"," "," ","1100811","臺北市萬華區糖?里大理街１０８號２樓","670012,711113,481014,434011","26-MAR-26","","","","",""
"91037441","圓方天地股份有限公司","臺北市松山區南京東路3段287號9樓","10000000","4000000"," ","1100713","臺北市松山區中正里南京東路３段２８７號９樓","639099,731099,464111,","26-MAR-26","","","","",""
"91058748","新琦營造股份有限公司","臺北市中山區松江路297巷14號1樓","100000000","100000000"," ","1100601","臺北市中山區松江里松江路２９７巷１４號１樓","410013,433111,434011,452000","26-MAR-26","","","","",""
"91098811","大牧投顧科技有限公司","臺北市大同區重慶北路3段178號1樓","10100000"," "," ","1100705","臺北市大同區國慶里重慶北路三段１７８號１樓","433199,,,","26-MAR-26","","","","",""
"91110364","翔益源有限公司","臺北市萬華區中華路2段138號7樓","500000"," "," ","1100723","臺北市萬華區頂碩里中華路２段１３８號７樓","461599,,,","26-MAR-26","","","","",""
"93365877","巨威全球能源股份有限公司","臺北市信義區祥雲街13之1號地下","5000000","5000000"," ","1120412","臺北市信義區六合里祥雲街１３－１號地下","463113,463911,,","26-MAR-26","","","","",""
"93378155","成陽顯霖建設股份有限公司","臺北市中山區民權東路3段10號8樓之1","5000000","5000000"," ","1120419","臺北市中山區江寧里民權東路３段１０號８樓之１","681111,681112,434011,","26-MAR-26","","","","",""
"93508468","希派斯科技有限公司","臺北市內湖區金龍路47巷27號","50000"," "," ","1121121","臺北市內湖區金龍路４７巷２７號","433212,433111,433112,433199","26-MAR-26","","","","",""
"93516426","漢京工程股份有限公司","臺北市信義區基隆路1段400號5樓","5000000","100000"," ","1121206","臺北市信義區中興里基隆路１段４００號５樓","434011,439099,681111,670012","26-MAR-26","","","","",""
"93524946","輔一有限公司","臺北市中正區襄陽路6號1樓","500000"," "," ","1121212","臺北市中正區黎明里襄陽路６號１樓","464111,464112,464211,452000","26-MAR-26","","","","",""
"93535325","仕鼎營造股份有限公司","臺北市士林區中山北路6段89號10樓","200000000","10000000"," ","1121127","臺北市士林區德行里中山北路６段８９號１０樓","431099,431015,431020,431013","26-MAR-26","","","","",""
"93576269","彧新工程有限公司","臺北市北投區三合街2段424巷2號","1000000"," "," ","1130329","臺北市北投區三合街２段４２４巷２號","453212,461214,,","26-MAR-26","","","","",""
"93585149","大谷營造股份有限公司","臺北市內湖區民權東路6段210巷23號3樓","23589500","23589500"," ","1130403","臺北市內湖區寶湖里民權東路６段２１０巷２３號３樓","670012,431099,429099,410099","26-MAR-26","","","","",""
"93616136","原瑞寶開發有限公司","臺北市松山區南京東路3段287號10樓","200000"," "," ","1130325","臺北市松山區中正里南京東路３段２８７號１０樓","702099,451099,760999,","26-MAR-26","","","","",""
"93616874","亞圓國際股份有限公司","臺北市大同區南京西路155巷11之1號","600000000","100000"," ","1130327","臺北市大同區南京西路１５５巷１１之１號","011399,,,","26-MAR-26","","","","",""
"93623621","保迪國際工程有限公司","臺北市萬華區西園路2段320巷36弄36號","3000000"," "," ","1130123","臺北市萬華區和德里西園路二段３２０巷３６弄３６號","434011,439014,,","26-MAR-26","","","","MK,","2024-11-27"
"93697518","築匠整合有限公司","臺北市大同區民權西路136號9樓之14","500000"," "," ","1130318","臺北市大同區民權里民權西路１３６號９樓之１４","461999,481013,,","26-MAR-26","","","","",""
"93788881","百谷國際股份有限公司","臺北市大安區信義路3段7號地下2層","1000000","1000000"," ","1120525","臺北市大安區民炤里信義路３段７號地下二層","011500,,,","26-MAR-26","","","","",""
"93956113","成陽正霖投資有限公司","臺北市中山區民權東路3段10號8樓之1","1000000"," "," ","1120714","臺北市中山區江寧里民權東路３段１０號８樓之１","455211,457299,458314,456511","26-MAR-26","","","","",""
"94000539","成陽忠霖工程實業有限公司","臺北市中山區民權東路3段10號8樓之1","500000"," "," ","1120718","臺北市中山區江寧里民權東路３段１０號８樓之１","433199,434011,681111,681112","26-MAR-26","","","","",""
"94016737","正鑫金屬有限公司","臺北市信義區信義路5段111號3樓之15","300000"," "," ","1120426","臺北市信義區安康里信義路五段１１１號３樓之１５","060099,433212,,","26-MAR-26","","","","",""
"94031913","領袖營造股份有限公司","臺北市大安區敦化南路2段69號20樓","25000000","25000000"," ","1120801","臺北市大安區義安里敦化南路２段６９號２０樓","782000,,,","26-MAR-26","","","","",""
"94132460","銘瀚國際有限公司","臺北市北投區中央北路3段220巷7號","1000000"," "," ","1120616","臺北市北投區中央北路３段２２０巷７號","429099,,,","26-MAR-26","","","","",""
"94150311","銳錦營造工程股份有限公司","臺北市信義區松德路159號4樓之3","5000000","5000000"," ","1121020","臺北市信義區安康里松德路１５９號４樓之３","410013,410099,421000,429099","26-MAR-26","","","","",""
"94160140","六藝礦業有限公司","臺北市士林區中山北路5段689號4樓","1000000"," "," ","1121103","臺北市士林區舊佳里中山北路５段６８９號４樓","060016,469916,,","26-MAR-26","","","","",""
"94167241","大安榮泰開發有限公司","臺北市大同區重慶北路3段252巷2號3樓","1000000"," "," ","1120823","臺北市大同區鄰江里重慶北路３段２５２巷２號３樓","670011,670012,381113,431013","26-MAR-26","","","","",""
"94214151","豐記開發工程有限公司","臺北市中正區寧波西街3號2樓","2600000"," "," ","1120925","臺北市中正區龍福里寧波西街３號２樓","060014,429011,434011,","26-MAR-26","","","","",""
"94247081","真永工程有限公司","臺北市信義區林口街20號2樓","1000000"," "," ","1120821","臺北市信義區林口街２０號２樓","434011,,,","26-MAR-26","","","","",""
"94637829","建利企業股份有限公司","臺北市士林區忠誠路1段56號10樓","46000000","46000000"," ","0630225","臺北市士林區忠誠路１段５６號１０樓","234011,456211,461311,474211","26-MAR-26","","","","建利企業,HSIN FU ENTERPRISE,","2024-11-27"
"94737974","山益礦業股份有限公司","臺北市松山區南京東路5段316號8樓之10","10000000","10000000"," ","0660331","臺北市松山區新聚里南京東路５段３１６號８樓之１０","454700,060099,060014,","26-MAR-26","","","","",""
"95440788","志豪開發工程有限公司","臺北市大同區南京西路163號2樓之10","200000"," "," ","1130624","臺北市大同區南京西路１６３號２樓之１０","434011,410099,461999,","26-MAR-26","","","","",""
"95474288","豐璽工程顧問有限公司","臺北市文山區景興路202巷11號15樓","500000"," "," ","1130627","臺北市文山區景行里景興路２０２巷１１號１５樓","711112,711299,711212,","26-MAR-26","","","","",""
"96322113","上作美器設計有限公司","臺北市大同區昌吉街61巷9弄4號","1000000"," "," ","1130801","臺北市大同區昌吉街６１巷９弄４號","454811,,,","26-MAR-26","","","","",""
"96571822","軒暐工程有限公司","臺北市大安區敦化南路1段205號2樓之8","500000"," "," ","1140217","臺北市大安區建安里敦化南路１段２０５號２樓之８","421000,434099,,","26-MAR-26","","","","",""
"96579373","創元地熱開發股份有限公司","臺北市松山區民生東路4段54號8樓之8","10000000","10000000"," ","1130607","臺北市松山區民生東路４段５４號８樓之８","281099,282011,351000,353011","26-MAR-26","","","","",""
"96651389","有鼎工程有限公司","臺北市大安區和平東路1段6號11樓","5000000"," "," ","1130516","臺北市大安區古莊里和平東路１段６號１１樓","381113,,,","26-MAR-26","","","","",""
"96663879","裕昌興營造有限公司","臺北市北投區知行路316巷63號","6000000"," "," ","1130422","臺北市北投區關渡里知行路３１６巷６３號１樓","439099,,,","26-MAR-26","","","","",""
"96771997","日昇投資貿易有限公司","臺北市中正區臨沂街3巷11號1樓","100000"," "," ","1130726","臺北市中正區梅花里臨沂街３巷１１號１樓","669199,702099,,","26-MAR-26","","","","",""
"96777726","彥鼎營造股份有限公司","臺北市士林區中山北路6段89號10樓","200000000","5000000"," ","1130503","臺北市士林區中山北路６段８９號１０樓","439099,410099,429099,","26-MAR-26","","","","",""
"96798074","昇立營造股份有限公司","臺北市大同區民權西路118巷2號11樓","22500000","22500000"," ","1140205","臺北市大同區民權里民權西路１１８巷２號１１樓","410013,410099,421000,429099","26-MAR-26","","","","",""
"96800873","中州營造有限公司","臺北市內湖區成功路4段223巷15弄3號1樓","5000000"," "," ","1140213","臺北市內湖區清白里成功路４段２２３巷１５弄３號１樓","410099,434011,434012,434015","26-MAR-26","","","","",""
"96819887","宏民科技工程室內裝修有限公司","臺北市中山區松江路101號2樓之2","3000000"," "," ","1130422","臺北市中山區朱園里松江路１０１號２樓之２","434011,,,","26-MAR-26","","","","",""
"96833494","泰能地熱開發股份有限公司","臺北市松山區民生東路4段54號8樓之8","10000000","10000000"," ","1140110","臺北市松山區民生東路４段５４號８樓之８","351000,,,","26-MAR-26","","","","",""
"96841683","誠易整合工程顧問有限公司","臺北市中正區漢口街1段132號7樓之1","1000000"," "," ","1130607","臺北市中正區光復里漢口街１段１３２號７樓之１","434015,,,","26-MAR-26","","","","",""
"96844582","兆礎工程股份有限公司","臺北市中山區松江路76號7樓之2","25000000","1000000"," ","1130618","臺北市中山區興亞里松江路７６號７樓之２","434011,434012,434099,434013","26-MAR-26","","","","",""
"96936626","中天欣業股份有限公司","臺北市大安區仁愛路4段122巷61號5樓之2","29000000","29000000"," ","0850212","臺北市大安區敦安里仁愛路４段１２２巷６１號５樓之２","771200,,,","26-MAR-26","","","","",""
"96959562","吉進交通企業有限公司","臺北市士林區通河東街2段10巷8號1樓","25000000"," "," ","0850429","臺北市士林區後港里通河東街２段１０巷８號１樓","494099,,,","26-MAR-26","","","","",""
"96967388","東林國際開發股份有限公司","臺北市中山區長安東路2段199號11樓之1","20000000","20000000"," ","0850517","臺北市中山區長安東路２段１９９號１１樓之１","463999,050011,482999,649999","26-MAR-26","","","","",""
"97009610","榮駿工程有限公司","臺北市中山區堤頂大道2段500號8樓之9","7000000"," "," ","0850518","臺北市中山區金泰里堤頂大道二段５００號８樓之９","524999,494099,,","26-MAR-26","","","","",""
"97022992","吉村營造股份有限公司","臺北市中正區羅斯福路1段24號11樓","66000000","66000000"," ","0850531","臺北市中正區龍福里羅斯福路１段２４號１１樓","439099,381111,670012,461999","26-MAR-26","","","","",""
"97104678","寶山興業股份有限公司","臺北市大安區敦化南路1段205號13樓之8","68000000","68000000"," ","0850725","臺北市大安區敦化南路１段２０５號１３樓之８","681112,464111,,","26-MAR-26","","","","",""
"97109152","大躍股份有限公司","臺北市中山區民生東路3段10號7樓","67600000","67600000"," ","0850806","臺北市中山區朱馥里民生東路３段１０號７樓","523300,523200,521000,525913","26-MAR-26","","","","",""
"97112473","尼歐森國際有限公司","臺北市北投區中央南路2段12之2號13樓","10000000"," "," ","0850814","臺北市北投區八仙里中央南路二段１２之２號十三樓","464211,476111,474999,","26-MAR-26","","","","",""
"97119004","貝可得國際股份有限公司","臺北市北投區北投路2段11號11樓之3","10000000","10000000"," ","0850902","臺北市北投區大同里北投路２段１１號１１樓之３","760999,457299,454920,","26-MAR-26","","","","BECTER,","2024-11-27"
"97119216","松擎開發有限公司","臺北市大同區南京西路163號2樓之10","5000000"," "," ","0850902","臺北市大同區朝陽里南京西路１６３號２樓之１０","461515,011999,620212,620199","26-MAR-26","","","","",""
"97311199","順峰工程股份有限公司","臺北市士林區環河北路3段199號5樓","7000000","7000000"," ","0860107","臺北市士林區社新里環河北路３段１９９號５樓","422012,,,","26-MAR-26","","","","",""
"97328311","敦陽國際開發股份有限公司","臺北市信義區基隆路2段51號12樓之3","150000000","100000000"," ","0860304","臺北市信義區景聯里基隆路２段５１號１２樓之３","681211,670012,,","26-MAR-26","","","","",""
"97328608","好名企業有限公司","臺北市信義區信義路4段395巷6弄10號5樓之5","28800000"," "," ","0860305","臺北市信義區中興里信義路四段３９５巷６弄１０號５樓之５","382111,370000,381114,434011","26-MAR-26","","","","",""
"97361417","春越營造股份有限公司","臺北市中山區中山北路3段34號14樓","130000000","130000000"," ","0860116","臺北市中山區集英里中山北路３段３４號１４樓","439099,670012,410099,422018","26-MAR-26","","","","",""
"97448202","宇信工程顧問有限公司","臺北市文山區木新路3段127巷12弄5號1樓","1000000"," "," ","0860424","臺北市文山區樟腳里木新路３段１２７巷１２弄５號１樓","711211,670012,689900,","26-MAR-26","","","","",""
"97456764","台灣軟陶有限公司","臺北市中山區長安東路1段16號8樓之5","2500000"," "," ","0860516","臺北市中山區正得里長安東路１段１６號８樓之５","451099,457299,458399,462099","26-MAR-26","","","","",""
"97459663","宏青建設開發股份有限公司","臺北市大安區仁愛路4段122巷61號5樓之2","29000000","29000000"," ","0860524","臺北市大安區敦安里仁愛路４段１２２巷６１號５樓之２","670012,,,","26-MAR-26","","","","",""
"97470983","玉城石礦有限公司","臺北市萬華區昆明街260號2樓","2400000"," "," ","0860619","臺北市萬華區昆明街２６０號２樓","060099,432000,,","26-MAR-26","","","","",""
"97572320","金宏營造股份有限公司","臺北市士林區通河西街2段27號","46000000","46000000"," ","0720708","臺北市士林區社子里通河西街２段２７號１樓","410099,421000,429099,","26-MAR-26","","","","",""
"97577752","創元鑽探股份有限公司","臺北市松山區民生東路4段54號8樓之8","10000000","10000000"," ","1130607","臺北市松山區民生東路４段５４號８樓之８","281099,282011,351000,353011","26-MAR-26","","","","",""
