編號,公告日期,處分日期,處分字號,事業單位名稱/自然人姓名,事業單位代表人,違反性別平等工作法（修正前為性別工作平等法，下同）條款,違反法規內容,罰鍰金額,備註
1,1150402,無,無,無,無,無,無,無,本期無違反性別平等工作法之事業單位
2,1150305,1150128,北市勞就第11460942191號 ,和和恬有限公司 ,唐怡婷 ,性別平等工作法第21條第1項 ,申請產檢假遭拒,20000,訴願中
2,1150305,1150127,北市勞就第11460407261號 ,居家整聊股份有限公司 ,鄭博元 ,性別平等工作法第11條第1項,懷孕歧視,300000,訴願中
3,1150305,1150127,北市勞就第11460347131號 ,香港商世界健身事業有限公司台灣分公司 ,柯約翰 ,性別平等工作法第13條第2項,雇主未盡工作場所性騷擾防治義務,20000,
4,1150205,1141231,北市勞就第11460883291號,惟美雅生物科技股份有限公司,黃美月,性別平等工作法第13條第2項,雇主未盡工作場所性騷擾防治義務,150000,
5,1150205,1141226,北市勞就第11460849331號,財團法人原住民族文化事業基金會,瑪拉歐斯,性別平等工作法第13條第2項,雇主未盡工作場所性騷擾防治義務,20000,
6,1150205,1141224,北市勞就第11460880161號,社團法人台北市美僑協會,普瑞迪,性別平等工作法第21條第2項,育嬰留職停薪遭不利處分,20000,
7,1150205,1141222,北市勞就第11460862781號,京鼎精密科技股份有限公司,劉揚偉,性別平等工作法第13條第2項,雇主未盡工作場所性騷擾防治義務,20000,
8,1150205,1141222,北市勞就第11460891881號,返場餐飲有限公司,吳庭安,性別平等工作法第13條第2項,雇主未盡工作場所性騷擾防治義務,20000,
9,1150105,1141119,北市勞就第11460804931號,社團法人國際人道建築與教育協會,裘振宇,性別平等工作法第13條第2項;性別平等工作法第36條,雇主未盡工作場所性騷擾防治義務;因受僱者提出性別工作平等法申訴而予以不利處分,120000,訴願中
10,1150105,1141119,北市勞就第11460240321號,亞瑟環境清潔股份有限公司,陳福志,性別平等工作法第13條第2項,雇主未盡工作場所性騷擾防治義務,20000,訴願駁回(原處分維持)
11,1150105,1141114,北市勞就第11460784061號,米榭爾布盧股份有限公司,傅志誠,性別平等工作法第13條第2項;性別平等工作法第36條,雇主未盡工作場所性騷擾防治義務;因受僱者提出性別工作平等法申訴而予以不利處分,40000,訴願駁回(原處分維持)
12,1150105,1141113,北市勞就第11460757191號,唯眾普匯有限公司,陳正軒,性別平等工作法第7條,性別歧視,300000,訴願駁回(原處分維持)
13,1150105,1141113,北市勞就第11460875801號,中華電信股份有限公司,簡志誠,性別平等工作法第13條第2項,雇主未盡工作場所性騷擾防治義務,250000,勞動部審議中
14,1150105,1141112,北市勞就第11460743631號,鎧瑞全球股份有限公司,陳俐君,性別平等工作法第13條第2項;性別平等工作法第36條,雇主未盡工作場所性騷擾防治義務;因受僱者提出性別工作平等法申訴而予以不利處分,40000,
15,1141205,無,無,無,無,無,無,無,本期無違反性別工作平等法之事業單位
16,1141105,1140919,北市勞就第11460780611號 ,宇達經貿法律事務所 ,呂秋??,性別平等工作法第11條第1項 ,懷孕歧視,300000,訴願駁回(原處分維持)
17,1141105,1140916,北市勞就第11460628431號 ,葳騰科技股份有限公司 ,林鍾伶 ,性別平等工作法第13條第2項 ,雇主未盡工作場所性騷擾防治義務,20000,
18,1141007,1140827,北市勞就第11460675631號 ,養樂多股份有限公司,李道明,性別平等工作法第13條第2項,雇主未盡工作場所性騷擾防治義務,20000,
19,1141007,1140826,北市勞就第11460036781號,宜泓科技有限公司,張呂惠珍,性別平等工作法第11條第1項,懷孕歧視,300000,訴願駁回(原處分維持)
20,1141007,1140805,北市勞就第11460564721號,拾楀餐飲股份有限公司,曾柏憲,性別平等工作法第13條第2項,雇主未盡工作場所性騷擾防治義務,20000,
21,1140905,1140730,北市勞就第11460539971號,旭隼科技股份有限公司,謝卓明,性別平等工作法第13條第2項,雇主未盡工作場所性騷擾防治義務,100000,
22,1140905,1140728,北市勞就第11460061791號,信義之星公寓大廈管理維護股份有限公司,張建榮,性別平等工作法第21條第1項;性別平等工作法第21條第2項,申請育嬰留職停薪復職遭拒;申請育嬰留職停薪遭不利處分,40000,訴願駁回(原處分維持)
23,1140905,1140728,北市勞就第11460032561號,艾滴科技股份有限公司,余萬洲,性別平等工作法第11條第1項,懷孕歧視,300000,訴願駁回(原處分維持)
24,1140905,1140728,北市勞就第11460586941號,香港商群邑有限公司台灣分公司,郭俊鑫,性別平等工作法第13條第2項,雇主未盡工作場所性騷擾防治義務,100000,
25,1140805,1140605,北市勞就第11361193961號,臺北市政府環境保護局,徐世勳,性別平等工作法第7條,性別歧視,300000,訴願駁回(原處分維持)
26,1140805,1140605,北市勞就第11460606391號,沐蘭休閒事業股份有限公司,陳麗貞,性別平等工作法第13條第2項,雇主未盡工作場所性騷擾防治義務,20000,
27,1140704,無,無,無,無,無,無,無,本期無違反性別工作平等法之事業單位
28,1140605,1140416,北市勞就第11361031001號,台灣基督長老教會馬偕醫療財團法人馬偕紀念醫院,張文瀚,性別平等工作法第13條第2項,雇主未盡工作場所性騷擾防治義務,20000,
29,1140605,1140416,北市勞就第11361269561號,東竹藥品股份有限公司,王唯正,性別平等工作法第21條第1項及第21條第2項,申請家庭照顧假遭拒及遭不利處分,200000,
30,1140505,無,無,無,無,無,無,無,本期無違反性別工作平等法之事業單位
31,1140407,1140227,北市勞就第11360996641號,天豐新能源股份有限公司,顧賢鉉,性別平等工作法第13條第2項,雇主未盡工作場所性騷擾防治義務,100000,
32,1140407,1140227,北市勞就第11360943391號,金御賞股份有限公司,黃智雄,性別平等工作法第21條第2項,育嬰留職停薪遭不利處分,,
33,1140407,1140221,北市勞就第11361003931號,紅陽科技股份有限公司,呂寶麟,性別平等工作法第13條第2項,雇主未盡工作場所性騷擾防治義務,200000,
34,1140305,1140124,北市勞就第11360395931號,森石窯有限公司,蔡瑞通,性別平等工作法第13條第2項,雇主未盡工作場所性騷擾防治義務,100000,
35,1140305,1140123,北市勞就第11360876401號,鄒為之(即伊生診所),鄒為之,性別平等工作法第13條第2項,雇主未盡工作場所性騷擾防治義務,100000,訴願駁回(原處分維持)
36,1140305,1140122,北市勞就第11360259911號,星愷開發有限公司,洪翊倫,性別平等工作法第21條第1項,申請育嬰留職停薪復職遭拒,,
37,1140205,1131225,北市勞就第11361266131號,和德昌股份有限公司,李昌霖,性別平等工作法第13條第2項,雇主未盡工作場所性騷擾防治義務,1000000,
38,1140205,1131205,北市勞就第11360798331號,思納捷科技股份有限公司,莊棨?,性別平等工作法第13條第2項,雇主未盡工作場所性騷擾防治義務,100000,
39,1140205,1131202,北市勞就第11360252101號,台灣福斯股份有限公司,安薩瑞 Rahil Ansari ,性別平等工作法第7條,性別歧視,300000,
40,1140106,1131128,北市勞就第11360318991號,寶國建築經理股份有限公司,陳正林,性別平等工作法第13條第2項;性別平等工作法第36條,雇主未盡工作場所性騷擾防治義務;因受僱者提出性別工作平等法申訴而予以不利處分,250000,訴願駁回(原處分維持)
41,1140106,1131126,北市勞就第11360809781號,墨刻出版股份有限公司,葉君超,性別平等工作法第13條第2項,雇主未盡工作場所性騷擾防治義務,150000,
42,1140106,1131125,北市勞就第11360769421號,台安醫藥股份有限公司,張彩潁,性別平等工作法第13條第2項,雇主未盡工作場所性騷擾防治義務,100000,
43,1140106,1131125,北市勞就第11360357531號,晶妍精品有限公司 ,李徐金美,性別平等工作法第11條第1項,懷孕歧視,450000,
44,1131205,1131011,北市勞就第11360114661號,這一鍋餐飲股份有限公司,陳詠佶,性別平等工作法第13條第2項,雇主未盡工作場所性騷擾防治義務,100000,
45,1131105,無,無,無,無,無,無,無,本期無違反性別工作平等法之事業單位
46,1131004,無,無,無,無,無,無,無,本期無違反性別工作平等法之事業單位
47,1130905,無,無,無,無,無,無,無,本期無違反性別工作平等法之事業單位
48,1130805,無,無,無,無,無,無,無,本期無違反性別工作平等法之事業單位
49,1130705,1130508,北市勞就第11360531911號,畢竟科技股份有限公司,許冠智,性別平等工作法第11條第1項,懷孕歧視,300000,
50,1130605,1130410,北市勞就第11260398571號,日商亞德格龍股份有限公司台灣分公司,仙波憲司,性別平等工作法第13條第2項,雇主未盡工作場所性騷擾防治義務,100000,
51,1130605,1130410,北市勞就第11261139651號,馨嘉資產管理有限公司,許?文,性別平等工作法第11條第1項,懷孕歧視,300000,行政訴訟中
52,1130605,1130403,北市勞就第11261192131號,摘星社群行銷顧問股份有限公司,王俊人,性別平等工作法第21條第2項,申請安胎假遭不利處分,,
53,1130605,1130403,北市勞就第11261024941號,三商家購股份有限公司,陳翔玢,性別平等工作法第21條第2項,申請育嬰留職停薪遭不利處分,,訴願駁回(原處分維持)
54,1130503,無,無,無,無,無,無,,本期無違反性別工作平等法之事業單位
55,1130403,1130206,北市勞就第11260440731號,宏羿企業股份有限公司,屠立智,性別平等工作法第21條第1項,申請育嬰留職停薪遭拒,,訴願駁回(原處分維持)
56,1130403,1130206,北市勞就第11260985381號,健喬信元醫藥生技股份有限公司,林智暉,性別平等工作法第13條第2項,雇主未盡工作場所性騷擾防治義務,,
57,1130403,1130206,北市勞就第11261160591號,林美如餐飲顧問有限公司,簡昊翔,性別平等工作法第13條第2項,雇主未盡工作場所性騷擾防治義務,,訴願駁回(原處分維持)
58,1130403,1130130,北市勞就第11260993331號,良福保全股份有限公司,郭永宗,性別平等工作法第13條第2項,雇主未盡工作場所性騷擾防治義務,,
59,1130305,無,無,無,無,無,無,,本期無違反性別平等工作法之事業單位
60,1130205,1121225,府勞就第11260363641號,聚塔創意股份有限公司,蔡沇佑,性別平等工作法第13條第2項,雇主未盡工作場所性騷擾防治義務,,
61,1130205,1121225,府勞就第11260784671號,聚塔創意股份有限公司,蔡沇佑,性別平等工作法第13條第2項,雇主未盡工作場所性騷擾防治義務,,
62,1130205,1121221,府勞就第11260773481號,台灣那智不二越股份有限公司,松島芳紀,性別平等工作法第21條第2項,申請育嬰留職停薪遭不利處分,,
63,1130205,1121214,府勞就第11260344701號,身心靈企業管理顧問有限公司,黃懷之,性別平等工作法第13條第1項及13條第2項,未訂定性騷擾防治措施、申訴及懲戒辦法，並在工作場所公開揭示；雇主未盡工作場所性騷擾防治義務,,訴願駁回(原處分維持)
64,1130205,1121213,府勞就第11260776961號,怡誠公寓大廈管理維護股份有限公司,陳美瑄,性別平等工作法第13條第2項,雇主未盡工作場所性騷擾防治義務,,訴願駁回(原處分維持)
65,1130205,1121213,府勞就第11260258731號,心理企業管理顧問有限公司,呂秀金,性別平等工作法第13條第2項,雇主未盡工作場所性騷擾防治義務,,訴願駁回(原處分維持)
66,1130105,1121208,府勞就第11260729481號,兆豐國際商業銀行股份有限公司,雷仲達,性別平等工作法第13條第2項,雇主未盡工作場所性騷擾防治義務,,
67,1130105,1121108,府勞就第11260766771號,社團法人台灣發炎性腸道疾病學會,王鴻源,性別平等工作法第13條第2項,雇主未盡工作場所性騷擾防治義務,,
68,1130105,1121103,府勞就第11260769841號,麥面迪有限公司,曾柏儒,性別平等工作法第21條第1項及第21條第2項,申請安胎假遭拒及遭不利處分,,
69,1121205,無,無,無,無,無,無,,本期無違反性別工作平等法之事業單位
70,1121103,1120906,府勞就第11260687391號,亞都麗緻大飯店股份有限公司,傲士英投資股份有限公司,性別平等工作法第13條第2項,雇主未盡工作場所性騷擾防治義務,,
71,1121103,1120906,府勞就第11260638291號,瑞士商愛爾康大藥廠股份有限公司台灣分公司,鄭豪杰 Colin Tay Hoe Kiat,性別平等工作法第13條第2項,雇主未盡工作場所性騷擾防治義務,,
72,1121103,1120905,府勞就第11260444231號,更換有限公司,吳思漢,性別平等工作法第21條第1項,申請育嬰留職停薪遭拒絕,,
73,1121103,1120904,府勞就第11260106941號,王宏哲(即臺北市私立健康天才領袖體能發展短期補習班) ,王宏哲,性別平等工作法第21條第2項,申請育嬰留職停薪遭不利處分,,
74,1121005,1120804,府勞就第11260664501號,臺北市私立同德老人長期照顧中心(養護型),李佩芡,性別工作平等法第13條第2項,雇主未盡工作場所性騷擾防治義務,,
75,1120905,1120710,府勞就第11260764541號,民主進步黨,賴清德,性別工作平等法第13條第2項;性別工作平等法第36條,雇主未盡工作場所性騷擾防治義務；因受僱者提出性別工作平等法申訴而予以不利處分,,
76,1120905,1120710,府勞就第11260772521號,民主進步黨,賴清德,性別工作平等法第13條第2項,雇主未盡工作場所性騷擾防治義務,,
77,1120905,1120705,府勞就第11260119741號,臺北市政府工務局公園路燈工程管理處,黃淑如,性別工作平等法第13條第2項,雇主未盡工作場所性騷擾防治義務,,
78,1120804,無,無,無,無,無,無,,本期無違反性別工作平等法之事業單位
79,1120705,無,無,無,無,無,無,,本期無違反性別工作平等法之事業單位
80,1120605,無,無,無,無,無,無,,本期無違反性別工作平等法之事業單位
81,1120505,1120307,府勞就字第11160535931號,台灣泰勒梅高爾夫有限公司,Mark Brian Sheldon-Allen,性別工作平等法第13條第2項,雇主未盡工作場所性騷擾防治義務,,
82,1120505,1120307,府勞就字第11160534441號,香港商尚域投資有限公司台灣分公司,趙偉,性別工作平等法第21條第1項,申請育嬰留職停薪復職遭拒,,
83,1120505,1120307,府勞就字第11161107211號,麗馥生醫科技有限公司,顏學森,性別工作平等法第13條第2項,雇主未盡工作場所性騷擾防治義務,,訴願駁回(原處分維持)
84,1120505,1120324,府勞就字第11161068861號,柔昱健康事業有限公司,張淯,性別工作平等法第13條第2項,雇主未盡工作場所性騷擾防治義務,,
85,1120406,無,無,無,無,無,無,,本期無違反性別工作平等法之事業單位
86,1120306,1120109,府勞就字第11160820911號,穴吹公寓大廈管理維護股份有限公司,新宮章弘,性別工作平等法第13條第2項,雇主未盡工作場所性騷擾防治義務,,
87,1120306,1120107,府勞就字第11161079841號,家福股份有限公司,王俊超,性別工作平等法第13條第2項,雇主未盡工作場所性騷擾防治義務,,訴願駁回(原處分維持)
88,1120206,無,無,無,無,無,無,,本期無違反性別工作平等法之事業單位
89,1120105,1111123,北市勞就字第11160254321號,川岳國際室內裝修設計有限公司,邱楷恩,性別工作平等法第13條第2項;性別工作平等法第36條,雇主未盡工作場所性騷擾防治義務；因受僱者提出性別工作平等法申訴而予以不利處分,,
90,1111205,無,無,無,無,無,無,,本期無違反性別工作平等法之事業單位
91,1111104,1110907,北市勞就字第11160560111號,贏天下多媒體股份有限公司,洪素惠,性別工作平等法第13條第2項,雇主未盡工作場所性騷擾防治義務,,訴願駁回(原處分維持)
92,1111005,1110824,北市勞就第11160598241號,築間餐飲事業股份有限公司,林楷傑,性別工作平等法第13條第2項,雇主未盡工作場所性騷擾防治義務,,
93,1111005,1110824,北市勞就第11160086511號,銳鎷股份有限公司,王琮方,性別工作平等法第21條第1項,申請安胎假遭拒,,審議駁回(原處分維持)
94,1111005,1110824,北市勞就第11160480311號,臺灣指數股份有限公司,林修銘,性別工作平等法第7條;性別工作平等法第21條第2項,雇主對受僱者之考績，因性別或性傾向而有差別待遇；申請育嬰留職停薪遭不利處分,,訴願駁回(原處分維持)
95,1110905,1110713,北市勞就字第11160346071號,品匯餐飲股份有限公司,王大洪,性別工作平等法第13條第1項及第13條第2項,未訂定性騷擾防治措施、申訴及懲戒辦法，並在工作場所公開揭示；雇主未盡工作場所性騷擾防治義務,,
96,1110805,無,無,無,無,無,無,,本期無違反性別工作平等法之事業單位
97,1110705,無,無,無,無,無,無,,本期無違反性別工作平等法之事業單位
98,1110606,無,無,無,無,無,無,,本期無違反性別工作平等法之事業單位
99,1110505,1110316,北市勞就字第11061185013號,李文浩（即聖光眼科診所）,李文浩,性別工作平等法第13條第2項,雇主未盡工作場所性騷擾防治義務,,
100,1110505,1110324,北市勞就字第11061249623號,將來商業銀行股份有限公司,鍾福貴,性別工作平等法第13條第2項,雇主未盡工作場所性騷擾防治義務,,訴願駁回(原處分維持)
101,1110406,無,無,無,無,無,無,,本期無違反性別工作平等法之事業單位
102,1110307,1110106,北市勞就字第11060376293號,誠品生活股份有限公司,吳旻潔,性別工作平等法第13條第2項,雇主未盡工作場所性騷擾防治義務,,審議駁回(不受理)
103,1110307,1110106,北市勞就字第11061156073號,迪那有限公司,陳銘寬,性別工作平等法第13條第1項及第13條第2項,未訂定性騷擾防治措施、申訴及懲戒辦法，並在工作場所公開揭示；雇主未盡工作場所性騷擾防治義務,,訴願駁回(原處分維持)
104,1110307,1110113,北市勞就字第11060952371號,安謀國際科技股份有限公司,Rene Anthony Andrada Haas,性別工作平等法第13條第2項,雇主未盡工作場所性騷擾防治義務,,行政訴訟撤回（原處分維持）
105,1110207,無,無,無,無,無,無,,本期無違反性別工作平等法之事業單位
106,1110105,無,無,無,無,無,無,,本期無違反性別工作平等法之事業單位
107,1101203,1101028,北市勞就字第號11061157441,那魯灣創意行銷社,劉展瑞,性別工作平等法第21條第1項及第21條第2項,申請家庭照顧假遭拒及遭不利處分,,
108,1101105,1100928,北市勞就字第11060212373號,台灣福斯股份有限公司,安薩瑞 Rahil Ansari,性別工作平等法第13條第2項,雇主未盡工作場所性騷擾防治義務,,行政訴訟中
109,1101005,1100906,北市勞就字第11060274763號,輝藥農業科技股份有限公司,郭泰濂,性別工作平等法第13條第2項,雇主未盡工作場所性騷擾防治義務,,審議駁回(原處分維持)
110,1100903,1100708,北市勞就字第11060273371號,上巨有限公司,葉子瑜,性別工作平等法第11條第1項,雇主對受僱者之退休、資遣、離職及解僱，因性別或性傾向而有差別待遇,,原告之訴駁回(原處分維持)
111,1100903,1100714,北市勞就字第11060262253號,晨星室內修繕工程行,陳國量,性別工作平等法第13條第2項,雇主未盡工作場所性騷擾防治義務,,
112,1100903,1100715,北市勞就字第11060268223號,應萃理研股份有限公司,顏郁文,性別工作平等法第13條第2項,雇主未盡工作場所性騷擾防治義務,,訴願駁回(原處分維持)
113,1100903,1100720,北市勞就字第11060788282號,威鑫資產管理有限公司,邱麒穎,性別工作平等法第21條第2項,申請生理假遭不利處分,,
114,1100903,1100723,北市勞就字第11060037061號,財團法人台北市陳高關懷社會福利基金會,陳明國,性別工作平等法第21條第1項及第21條第2項,申請家庭照顧家遭拒及遭不利處分,,審議駁回(原處分維持)
115,1100805,無,無,無,無,無,無,,本期無違反性別工作平等法之事業單位
116,1100705,1100503,北市勞就字第11060084003號,謝禎裘,謝禎裘,性別工作平等法第13條第2項,雇主未盡工作場所性騷擾防治義務,,
117,1100604,1100428,北市勞就字第11060085083號,傑座建設股份有限公司,劉穎宏,性別工作平等法第13條第2項及第21條第2項,雇主未盡工作場所性騷擾防治義務；申請生理假遭不利處分,,審議駁回(原處分維持)
118,1100505,無,無,無,無,無,無,,本期無違反性別工作平等法之事業單位
119,1100401,1100223,北市勞就字第10960979721號,將來商業銀行股份有限公司,鍾福貴,性別工作平等法第13條第1項及第13條第2項,未訂定性騷擾防治措施、申訴及懲戒辦法，並在工作場所公開揭示；雇主未盡工作場所性騷擾防治義務,,訴願駁回(原處分維持)
120,1100401,1100220,北市勞就字第10960965201號,財團法人臺灣區橡膠工業研究試驗中心,洪宗錄,性別工作平等法第13條第2項,雇主未盡工作場所性騷擾防治義務,,
121,1100305,無,無,無,無,無,無,,本期無違反性別工作平等法之事業單位
122,1100205,1091210,北市勞就字第10960745711號,易福網科技股份有限公司,黃心柔,性別工作平等法第13條第1項,雇主未盡工作場所性騷擾防治義務,,訴願駁回(原處分維持)
123,1100205,1091217,北市勞就字第10960625351號,有限責任台灣主婦聯盟生活消費合作社,李修瑋,性別工作平等法第13條第2項,雇主未盡工作場所性騷擾防治義務,,
124,1100205,1091221,北市勞就字第10960739471號,富比士網路科技有限公司,唐錦祥,性別工作平等法第13條第1項,雇主未盡工作場所性騷擾防治義務,,
125,1100205,1091225,北市勞就字第10960747651號,康華大飯店股份有限公司,康文宗,性別工作平等法第13條第2項,雇主未盡工作場所性騷擾防治義務,,
126,1100105,無,無,無,無,無,無,,本期無違反性別工作平等法之事業單位
127,1091204,1091016,北市勞就字第10960457441號,銳耳創作股份有限公司,陳柏良,性別工作平等法第13條第1項及第2項,未訂定性騷擾防治措施、申訴及懲戒辦法，並在工作場所公開揭示；雇主未盡工作場所性騷擾防治義務,,訴願駁回(原處分維持)
128,1091105,1090901,北市勞就字第10960311921號,台灣昭和電工貿易股份有限公司,蔡友傑,性別工作平等法第7條及第9條,性別歧視,,行政訴訟撤回（原處分維持）
129,1091005,1090820,北市勞就字第10960107861號,中碩貿易有限公司,鄭建隆,性別工作平等法第13條第2項,雇主未盡工作場所性騷擾防治義務,,
130,1091005,1090827,北市勞就字第10960119111號,元家企業股份有限公司,顏元博,性別工作平等法第13條第2項,雇主未盡工作場所性騷擾防治義務,,審議駁回(原處分維持)
131,1090904,1090701,北市勞就字第10960008791號,南陽實業股份有限公司,吳清源,性別工作平等法第13條第2項,雇主未盡工作場所性騷擾防治義務,,審議駁回(原處分維持)
132,1090904,1090702,北市勞就字第10861185581號,義美吉盛股份有限公司,高志明,性別工作平等法第7條及第21條第2項,性別歧視、申請產假遭不利處分,,訴願駁回(原處分維持)
133,1090805,1090624,北市勞就字第10861150651號,好棒棒創意股份有限公司,張景賀,性別工作平等法第13條第2項及第36條,雇主未盡工作場所性騷擾防治義務，且因受僱者提出性別工作平等法申訴而予以不利處分,,審議駁回(原處分維持)
134,1090805,1090622,北市勞就字第10960308203號,鼎恒有限公司,林耕山,性別工作平等法第21條第2項,申請生理假遭不利處分,,
135,1090805,1090623,北市勞就字第10960078811號,集邦科技股份有限公司,劉炯朗,性別工作平等法第21條第2項,申請產假遭不利處分,,行政訴訟撤回（原處分維持）
136,1090703,1090505,北市勞就字第10861012941號,神坊資訊股份有限公司,張家生,性別工作平等法第13條第2項,雇主未盡工作場所性騷擾防治義務,,審議駁回(原處分維持)
137,1090605,1090429,北市勞就字第10861000611號,余瑞峰（即大直永安藥局）,余瑞峰,性別工作平等法第13條第2項,雇主未盡工作場所性騷擾防治義務,,
138,1090605,1090428,北市勞就字第10960078743號,大楠有限公司,許翠紋,性別工作平等法第11條第1項,懷孕歧視,,審議駁回(原處分維持)
139,1090605,1090430,北市勞就字第10861150663號,醫療財團法人辜公亮基金會和信治癌中心醫院,黃達夫,性別工作平等法第13條第2項,雇主未盡工作場所性騷擾防治義務,,審議駁回(原處分維持)
140,1090505,1090305,北市勞就字第10860682803號,光復艾克有限公司,張詠翔,性別工作平等法第13條第1項及第2項,未訂定性騷擾防治措施、申訴及懲戒辦法，並在工作場所公開揭示；雇主未盡工作場所性騷擾防治義務,,原告之訴駁回(原處分維持)
141,1090401,1090221,北市勞就字第10861035711號,唯衣時尚科技有限公司,羅福森,性別工作平等法第7條,性別歧視,,訴願駁回(原處分維持)
142,1090401,1090227,北市勞就字第10860888231號,雲翔旅行社有限公司,徐蓓麗,性別工作平等法第21條第1項,申請育嬰留職停遭拒絕,,
143,1090305,1090103,北市勞就字第10860507921號,愛桃子有限公司,李懿恆,性別工作平等法第7條,性別歧視,,
144,1090205,無,無,無,無,無,無,,本期無違反性別工作平等法之事業單位
145,1090103,1081014,北市勞就字第10860280831號,鈦美旅行社有限公司,鄧偉立,性別工作平等法第13條第1項,未訂定性騷擾防治措施、申訴及懲戒辦法，並在工作場所公開揭示,,
146,1090103,1081022,北市勞就字第10860652811號,金貝科技有限公司,施坤良,性別工作平等法第11條第1項,懷孕歧視,,審議駁回(原處分維持)
147,1090103,1081021,北市勞就字第10860280821號,財團法人中華文化社會福利事業基金會附設職業訓練中心,翁茂琳,性別工作平等法第9條;性別工作平等法第21條第1項;性別工作平等法第21條第2項,性別歧視、申請育嬰留職停遭拒絕並給予不利處分,,訴願駁回(原處分維持)
148,1081205,無,無,無,無,無,無,,本期無違反性別工作平等法之事業單位
149,1081105,無,無,無,無,無,無,,本期無違反性別工作平等法之事業單位
150,1081004,1080819,北市勞就字第10860178841號,長春石油化學股份有限公司,廖龍星,性別工作平等法第13條第2項,雇主未盡工作場所性騷擾防治義務,,
151,1081004,1080820,北市勞就字第10860510711號,柯達大飯店股份有限公司,柯孫達,性別工作平等法第11條第1項;性別工作平等法第13條第2項,性別歧視及雇主未盡工作場所性騷擾防治義務,,訴願駁回(原處分維持)
152,1081004,1080829,北市勞就字第10860240261號,智擎數位科技股份有限公司,李永正,性別工作平等法第11條第1項,懷孕歧視,,訴願駁回(原處分維持)
153,1080905,無,無,無,無,無,無,,本期無違反性別工作平等法之事業單位
154,1080805,1080618,北市勞就字第10860013121號,王斯虹(即好寶貝北投一館產後護理之家),王斯虹,性別工作平等法第21條第1項,申請產假遭拒絕,,
155,1080705,無,無,無,無,無,無,,本期無違反性別工作平等法之事業單位
156,1080605,1080430,北市勞就字第10760740621號,永晟電腦有限公司,李佳達,性別工作平等法第13條第2項,雇主未盡工作場所性騷擾防治義務,,
157,1080503,無,無,無,無,無,無,,本期無違反性別工作平等法之事業單位
158,1080403,1080214,北市勞就字第10760561181號,利百加健康事業有限公司,沈鳳俊,性別工作平等法第13條第2項,雇主未盡工作場所性騷擾防治義務,,訴願駁回(原處分維持)
159,1080403,1080215,北市勞就字第10760595221號,堯城有限公司,張香程,性別工作平等法第13條第2項,雇主未盡工作場所性騷擾防治義務,,訴願駁回(原處分維持)
160,1080305,無,無,無,無,無,無,,本期無違反性別工作平等法之事業單位
161,1080201,1071206,北市勞就字第10760382561號,偉捷彩色印刷有限公司,翁明賢,性別工作平等法第13條第2項,雇主未盡工作場所性騷擾防治義務,,
162,1080105,無,無,無,無,無,無,,本期無違反性別工作平等法之事業單位
163,1071205,無,無,無,無,無,無,,本期無違反性別工作平等法之事業單位
164,1071105,無,無,無,無,無,無,,本期無違反性別工作平等法之事業單位
165,1071005,1070816,北市勞就字第10731550600號,威祺有限公司,蔡明清,性別工作平等法第21條第1項,申請育嬰留職停薪遭拒絕恢復原職,,
166,1071005,1070810,北市勞就字第10732008800號,生活經紀人事業股份有限公司,陳建瑋,性別工作平等法第13條第2項,雇主未盡工作場所性騷擾防治義務,,訴願駁回(原處分維持)
167,1071005,1070810,北市勞就字第10731562700號,網奕資訊科技股份有限公司,吳權威,性別工作平等法第11條第1項,懷孕歧視,,上訴駁回(原處分維持)
168,1070905,無,無,無,無,無,無,,本期無違反性別工作平等法之事業單位
169,1070803,1070611,北市勞就字第10730078900號,陸鋒科技有限公司,曾銍淅,性別工作平等法第21條第2項,申請產假薪遭不利處分,,訴願駁回(原處分維持)
170,1070803,1070614,北市勞就字第10730275000號,天群醫療企業股份有限公司,郭外天,性別工作平等法第13條第2項,雇主未盡工作場所性騷擾防治義務,,審議駁回(原處分維持)
171,1070803,1070619,北市勞就字第10730780000號,端訊企業有限公司,葉桂榮,性別工作平等法第13條第2項,雇主未盡工作場所性騷擾防治義務,,原告之訴駁回(原處分維持)
172,1070705,無,無,無,無,無,無,,本期無違反性別工作平等法之事業單位
173,1070605,1070424,北市勞就字第10640663800號,領航大健康股份有限公司,蔡素玲,性別工作平等法第21條第2項,申請安胎假遭遭不利處分,,原告之訴駁回(原處分維持)
174,1070504,無,無,無,無,無,無,,本期無違反性別工作平等法之事業單位
175,1070403,1070212,北市勞就字第10640687800號,翰新實業股份有限公司,蔡錦芳,性別工作平等法第21條第2項,因育嬰留職停薪遭不利處分,,訴願駁回(原處分維持)
176,1070305,1070116,北市勞就字第10636635700號,高勁健身事業股份有限公司,劉國輝,性別工作平等法第13條第2項;性別工作平等法第36條,雇主未盡工作場所性騷擾防治義務、且因受僱者提出性別工作平等法申訴而予以不利處分,,
177,1070205,1061211,北市勞就字第10636296300號,企建科技股份有限公司,林其奕,性別工作平等法第11條第1項;性別工作平等法第21條第1項,雇主對受僱者之退休、資遣、離職及解僱，因性別或性傾向而有差別待遇及請安胎假遭拒絕,,訴願駁回(原處分維持)
178,1070205,1061211,北市勞就字第10636429300號,齊云生活美學館有限公司,謝其昀,性別工作平等法第13條第2項,雇主未盡工作場所性騷擾防治義務,,
179,1070105,無,無,無,無,無,無,,本期無違反性別工作平等法之事業單位
180,1061201,無,無,無,無,無,無,,本期無違反性別工作平等法之事業單位
181,1061103,1060929,北市勞就字第10635082300號,全聯實業股份有限公司,林敏雄,性別工作平等法第21條第2項,因育嬰留職停薪遭不利處分,,
182,1061005,1060803,北市勞就字第10631554500號,寶力健康生活事業有限公司（原名：芳倪思國際有限公司）,曾碧慧,性別工作平等法第13條第2項,雇主未盡工作場所性騷擾防治義務,,原告之訴駁回(原處分維持)
183,1061005,1060815,北市勞就字第10633797300號,良維科技股份有限公司,李淳正,性別工作平等法第21條第2項,申請產假及申請育嬰留職停薪復職予遭不利處分,,
184,1060905,無,無,無,無,無,無,,本期無違反性別工作平等法之事業單位
185,1060804,1060615,北市勞就字第10631839200號,郵船通運股份有限公司,北浦剛,性別工作平等法第21條第2項,申請育嬰留職停薪不利處分,,
186,1060804,1060616,北市勞就字第10631513500號,台灣愛生雅股份有限公司,李潔琳,性別工作平等法第21條第2項,因育嬰留職停薪遭不利處分,,審議駁回(原處分維持)
187,1060804,1060615,北市勞就字第10633014700號,德恩食品機械股份有限公司,鄭雪峰,性別工作平等法第11條第1項,雇主對受僱者之退休、資遣、離職及解僱，因性別或性傾向而有差別待遇。,,訴願駁回(原處分維持)
188,1060804,1060615,北市勞就字第10631319200號,歐鼎企業有限公司,羅寬山,性別工作平等法第13條第2項,雇主未盡工作場所性騷擾防治義務,,
189,1060705,無,無,無,無,無,無,,本期無違反性別工作平等法之事業單位
190,1060605,1060410,北市勞就字第10542241700號,雅尚國際有限公司,黃冠斌,性別工作平等法第21條第2項,育嬰留職停薪復職遭不利處分,,
191,1060605,1060418,北市勞就字第10543815400號,好寶貝北投一館產後護理之家,王斯虹,性別工作平等法第21條第2項,育嬰留職停薪復職遭不利處分,,訴願駁回(原處分維持)
192,1060505,無,無,無,無,無,無,,本期無違反性別工作平等法之事業單位
193,1060405,1060125,北市勞就字第10543025000號,中研有限公司,陳天賜,性別工作平等法第13條第2項,雇主未盡工作場所性騷擾防治義務,,
194,1060405,1060126,北市勞就字第10544149500號,利商股份有限公司,曹錫雄,性別工作平等法第13條第2項,雇主未盡工作場所性騷擾防治義務,,訴願駁回(原處分維持)
195,1060303,1050812,北市勞就字第10531448700號,福田雨股份有限公司(改名前為成利國際事業股份有限公司),孫宇昌,性別工作平等法第11條第1項,雇主對受僱者之退休、資遣、離職及解僱，不得因性別或性傾向而有差別待遇,,原告之訴駁回(原處分維持)
196,1060303,1051208,北市勞就字第10541786300號,展群營造股份有限公司,楊永剛,性別工作平等法第13條第1項;性別工作平等法第13條第2項;性別工作平等法第36條,雇主未盡工作場所性騷擾防治義務、且因受僱者提出性別工作平等法申訴而予以不利處分,,訴願駁回(原處分維持)
197,1060303,1051213,北市勞就字第10537807500號,志嘉建設股份有限公司,楊昌堯,性別工作平等法第13條第2項,雇主未盡工作場所性騷擾防治義務,,訴願駁回(原處分維持)
198,1060202,無,無,無,無,無,無,,本期無違反性別工作平等法之事業單位
199,1060105,1051026,北市勞就字第10534075100號,俚頭梢音響股份有限公司,陳恒星,性別工作平等法第13條第2項,雇主未盡工作場所性騷擾防治義務。,,
200,1051202,1050216,北市勞就字第10439900500號,有意思數位人文股份有限公司,沈秉文,性別工作平等法第11條第1項,雇主對受僱者之退休、資遣、離職及解僱，因性別或性傾向而有差別待遇。,,原告之訴駁回(原處分維持)
201,1051202,1050815,北市勞就字第10533728100號,千翔公寓大廈管理維護股份有限公司,黃平璋,性別工作平等法第11條第1項,雇主對受僱者之退休、資遣、離職及解僱，因性別或性傾向而有差別待遇。,,原告之訴駁回(原處分維持)
202,1051019,無,無,無,無,無,無,,本期無違反性別工作平等法之事業單位
203,1050824,1050203,北市勞就字第10438457600號,吳明羨(即洋明企業社),吳明羨,性別工作平等法第11條第1項,雇主對受僱者之退休、資遣、離職及解僱，因性別或性傾向而有差別待遇。,,審議駁回(原處分維持)
204,1050824,1050411,北市勞就字第10439473200號,健康福祉事業股份有限公司,李佳孟,性別工作平等法第21條第1項;性別工作平等法第21條第2項,受僱者依性別工作平等法請假遭拒及受不利處分,,訴願駁回(原處分維持)
205,1050803,1040825,府勞就字第10431809100號,摩鉅科技股份有限公司,蘇成達,性別工作平等法第21條第2項,受僱者依性別工作平等法申請育嬰留職停薪而受不利處分,,訴願駁回(原處分維持)
206,1050705,1041005,府勞就字第10434430300號,司威米休閒運動有限公司,王國忠,性別工作平等法第7條,雇主對求職者或受僱者之招募、甄試、進用、分發、配置、考績或陞遷等，不得因性別或性傾向而有差別待遇。,,原告之訴駁回(原處分維持)
207,1050603,1041218,北市勞就字第10435537000號,潘韞珊(即魔法牙醫診所),潘韞珊,性別工作平等法第21條第2項,受僱者依性別工作平等法請假而受不利處分,,上訴駁回(原處分維持)
208,1050603,1050203,北市勞就字第10401764000號,食昌企業股份有限公司,蔡篤清,性別工作平等法第13條第1項;性別工作平等法第13條第2項;性別工作平等法第36條,雇主未盡工作場所性騷擾防治義務、且因受僱者提出性別工作平等法申訴而予以不利處分,,審議駁回(原處分維持)
209,1050603,1050420,北市勞就字第10438168100號,全聯實業股份有限公司,林敏雄,性別工作平等法第7條,雇主對求職者招募、甄試、進用因性別或性傾向而差別待遇,,
210,1050504,1041023,府勞就字第10433144000號,全域股份有限公司,王敏烈,性別工作平等法第11條第1項,雇主對受僱者之退休、資遣、離職及解僱，因性別或性傾向而有差別待遇。,,審議駁回(原處分維持)
211,1050331,1040729,府勞就字第10434412900號,史克普股份有限公司,姜燕娜,性別工作平等法第13條第1項;性別工作平等法第13條第2項,雇主未盡工作場所性騷擾防治義務,,訴願駁回(原處分維持)
212,1050331,1041211,北市勞就字第10434597300號,橡木桶洋酒股份有限公司,陳春安,性別工作平等法第13條第1項;性別工作平等法第13條第2項,雇主未盡工作場所性騷擾防治義務,,訴願駁回(原處分維持)
213,1050205,1040213,府勞就字第10337681700號,三軍總醫院附設民眾診療服務處,陳金順,性別工作平等法第13條第2項,雇主未盡工作場所性騷擾防治義務,,訴願駁回(原處分維持)
214,1050205,1040602,府勞就字第10400676300號,花旗(台灣)商業銀行股份有限公司,管國霖,性別工作平等法第13條第1項,未訂定性騷擾防治措施、申訴及懲戒辦法，並在工作場所公開揭示,,訴願駁回(原處分維持)
215,1050205,1040806,府勞就字第10432429600號,晟泰公寓大廈管理維護有限公司,林玉玲,性別工作平等法第13條第2項,雇主未盡工作場所性騷擾防治義務,,原告之訴駁回(原處分維持)
216,1050205,1041207,北市勞就字第10435858000號,世統國際有限公司,羅世鑫,性別工作平等法第13條第2項,雇主未盡工作場所性騷擾防治義務,,
217,1050205,1041211,北市勞就字第10433722900號,唐誠生物科技有限公司,楊鵑妃,性別工作平等法第13條第2項,雇主未盡工作場所性騷擾防治義務,,
218,1050205,1041223,北市勞就字第10437520400號,昌和企業有限公司,內田亨,性別工作平等法第11條第1項,雇主對受僱者之退休、資遣、離職及解僱，因性別或性傾向而有差別待遇。,,
219,1041205,1040327,府勞就字第10338418900號,江揚育樂股份有限公司,王先後,性別工作平等法第13條第1項、第2項,雇主未盡工作場所性騷擾防治義務。,,訴願駁回(原處分維持)
220,1041205,1040515,府勞就字第10430335000號,光輝國際旅行社有限公司,劉庭榕,性別工作平等法第11條第1項,雇主對受僱者之退休、資遣、離職及解僱，因性別或性傾向而有差別待遇。,,原告之訴駁回(原處分維持)
221,1041205,1040528,府勞就字第10430672400號,千碩工程有限公司,張碩庭,性別工作平等法第13條第2項;性別工作平等法第36條,雇主未盡工作場所性騷擾防治義務及提出本法之申訴後遭解僱或其他不利之處分。,,審議駁回(原處分維持)
222,1041205,1041007,府勞就字第10432015600號,世通旅行社股份有限公司,白麗明,性別工作平等法第9條,雇主為受僱者舉辦或提供各項福利措施，不得因性別或性傾向而有差別待遇。,,
223,1041105,1031223,府勞就字第10334031000號,全國金融業工會聯合總會,林萬福,性別工作平等法第13條第2項,雇主未盡工作場所性騷擾防治義務,,審議駁回(原處分維持)
224,1041005,1040211,府勞就字第10338118900號,中華產職勞動勞資關係職能發展總會,簡成文,性別工作平等法第13條第2項,雇主未盡工作場所性騷擾防治義務,,訴願駁回(原處分維持)
225,1041005,1040211,府勞就字第10338414500號,台灣芯福里情緒教育推廣協會,楊俐容,性別工作平等法第11條第1項,雇主對受僱者之退休、資遣、離職及解僱，因性別或性傾向而有差別待遇。,,訴願駁回(原處分維持)
226,1041005,1040217,府勞就字第10336654900號,萬成航空科技股份有限公司,曹美香,性別工作平等法第13條第2項,雇主未盡工作場所性騷擾防治義務,,訴願駁回(原處分維持)
227,1041005,1040309,府勞就字第10336862400號,傑勝生化科技股份有限公司,王讚崇,性別工作平等法第13條第2項,雇主未盡工作場所性騷擾防治義務,,審議駁回(原處分維持)
228,1040805,1031223,府勞就字第10335952000號,愛點科技股份有限公司,王柏仁,性別工作平等法第11條第1項,雇主對受僱者之退休、資遣、離職及解僱，因性別或性傾向而有差別待遇。,,原告之訴駁回(原處分維持)
229,1040805,1040529,府勞就字第10430672402號,大及室內設計裝潢股份有限公司,高麗川,性別工作平等法第13條第2項;性別工作平等法第36條,雇主未盡工作場所性騷擾防治義務。雇主因受僱者提出申訴而為不利處分。,,
230,1040616,1040409,府勞就字第10338254800號,怡盛公寓大廈管理維護股份有限公司,莊子慧,性別工作平等法第21條第1項;性別工作平等法第21條第2項,拒絕受僱者育嬰留職停薪復職之請求;育嬰留職停薪復職不利處分。,,
